# step  N  V  rho  U  U_per_particle
100000 166 343 0.483965 -471.723 -2.84171
100050 166 343 0.483965 -470.568 -2.83475
100100 167 343 0.48688 -475.186 -2.84543
100150 168 343 0.489796 -472.182 -2.8106
100200 169 343 0.492711 -472.368 -2.79508
100250 169 343 0.492711 -471.398 -2.78934
100300 170 343 0.495627 -480.701 -2.82765
100350 169 343 0.492711 -478.079 -2.82887
100400 170 343 0.495627 -486.025 -2.85897
100450 170 343 0.495627 -487.108 -2.86534
100500 168 343 0.489796 -476.161 -2.83429
100550 168 343 0.489796 -476.594 -2.83687
100600 168 343 0.489796 -477.541 -2.84251
100650 170 343 0.495627 -482.558 -2.83858
100700 169 343 0.492711 -476.602 -2.82013
100750 168 343 0.489796 -480.621 -2.86084
100800 166 343 0.483965 -476.149 -2.86837
100850 166 343 0.483965 -473.731 -2.8538
100900 167 343 0.48688 -474.85 -2.84342
100950 166 343 0.483965 -467.488 -2.81619
101000 167 343 0.48688 -469.422 -2.81091
101050 168 343 0.489796 -474.006 -2.82147
101100 167 343 0.48688 -474.275 -2.83997
101150 167 343 0.48688 -478.754 -2.86679
101200 168 343 0.489796 -480.594 -2.86068
101250 166 343 0.483965 -473.288 -2.85114
101300 166 343 0.483965 -470.176 -2.83239
101350 165 343 0.48105 -470.896 -2.85392
101400 167 343 0.48688 -478.994 -2.86823
101450 169 343 0.492711 -487.681 -2.88569
101500 171 343 0.498542 -495.308 -2.89654
101550 172 343 0.501458 -494.721 -2.87629
101600 172 343 0.501458 -495.09 -2.87843
101650 173 343 0.504373 -499.271 -2.88596
101700 174 343 0.507289 -507.888 -2.9189
101750 176 343 0.51312 -516.064 -2.93218
101800 177 343 0.516035 -521.152 -2.94436
101850 178 343 0.51895 -532.971 -2.99422
101900 178 343 0.51895 -528.323 -2.96811
101950 176 343 0.51312 -519.547 -2.95197
102000 177 343 0.516035 -528.296 -2.98472
102050 177 343 0.516035 -534.669 -3.02073
102100 176 343 0.51312 -524.115 -2.97792
102150 178 343 0.51895 -530.324 -2.97935
102200 178 343 0.51895 -533.092 -2.9949
102250 178 343 0.51895 -529.158 -2.9728
102300 178 343 0.51895 -538.114 -3.02311
102350 178 343 0.51895 -542.401 -3.0472
102400 176 343 0.51312 -530.173 -3.01235
102450 177 343 0.516035 -534.212 -3.01815
102500 177 343 0.516035 -531.825 -3.00466
102550 178 343 0.51895 -533.823 -2.99901
102600 177 343 0.516035 -530.636 -2.99794
102650 180 343 0.524781 -540.059 -3.00033
102700 180 343 0.524781 -537.291 -2.98495
102750 183 343 0.533528 -546.026 -2.98375
102800 182 343 0.530612 -537.57 -2.95368
102850 181 343 0.527697 -524.823 -2.89957
102900 181 343 0.527697 -527.574 -2.91477
102950 183 343 0.533528 -538.564 -2.94297
103000 182 343 0.530612 -532.619 -2.92648
103050 182 343 0.530612 -528.877 -2.90592
103100 183 343 0.533528 -526.118 -2.87496
103150 181 343 0.527697 -517.168 -2.85728
103200 181 343 0.527697 -509.656 -2.81578
103250 179 343 0.521866 -504.363 -2.81767
103300 180 343 0.524781 -504.184 -2.80102
103350 178 343 0.51895 -505.194 -2.83817
103400 177 343 0.516035 -506.337 -2.86066
103450 176 343 0.51312 -508.907 -2.89152
103500 176 343 0.51312 -504.074 -2.86406
103550 176 343 0.51312 -502.867 -2.8572
103600 177 343 0.516035 -504.878 -2.85242
103650 177 343 0.516035 -504.838 -2.85219
103700 176 343 0.51312 -502.885 -2.8573
103750 177 343 0.516035 -504.737 -2.85162
103800 177 343 0.516035 -516.71 -2.91927
103850 175 343 0.510204 -509.3 -2.91029
103900 177 343 0.516035 -511.35 -2.88899
103950 177 343 0.516035 -507.955 -2.8698
104000 175 343 0.510204 -502.39 -2.8708
104050 180 343 0.524781 -518.955 -2.88308
104100 179 343 0.521866 -520.781 -2.90939
104150 179 343 0.521866 -523.52 -2.92469
104200 179 343 0.521866 -524.601 -2.93073
104250 180 343 0.524781 -532.543 -2.95857
104300 179 343 0.521866 -526.778 -2.94289
104350 179 343 0.521866 -525.966 -2.93836
104400 180 343 0.524781 -528.627 -2.93682
104450 181 343 0.527697 -538.854 -2.97709
104500 182 343 0.530612 -543.446 -2.98597
104550 183 343 0.533528 -550.813 -3.0099
104600 184 343 0.536443 -558.232 -3.03387
104650 184 343 0.536443 -561.713 -3.05279
104700 184 343 0.536443 -561.227 -3.05015
104750 185 343 0.539359 -563.92 -3.04822
104800 185 343 0.539359 -566.458 -3.06193
104850 185 343 0.539359 -564.47 -3.05119
104900 183 343 0.533528 -562.16 -3.07191
104950 183 343 0.533528 -558.69 -3.05295
105000 183 343 0.533528 -554.599 -3.0306
105050 183 343 0.533528 -558.965 -3.05445
105100 181 343 0.527697 -549.483 -3.03582
105150 181 343 0.527697 -548.133 -3.02836
105200 181 343 0.527697 -549.47 -3.03575
105250 181 343 0.527697 -547.888 -3.02701
105300 182 343 0.530612 -554.184 -3.04497
105350 182 343 0.530612 -561.161 -3.0833
105400 181 343 0.527697 -556.851 -3.07652
105450 182 343 0.530612 -558.635 -3.06943
105500 183 343 0.533528 -566.72 -3.09683
105550 183 343 0.533528 -559.811 -3.05908
105600 183 343 0.533528 -558.722 -3.05313
105650 184 343 0.536443 -559.907 -3.04297
105700 184 343 0.536443 -554.862 -3.01556
105750 186 343 0.542274 -556.356 -2.99116
105800 188 343 0.548105 -568.944 -3.0263
105850 188 343 0.548105 -570.977 -3.03711
105900 190 343 0.553936 -569.954 -2.99976
105950 190 343 0.553936 -569.33 -2.99647
106000 191 343 0.556851 -577.306 -3.02255
106050 193 343 0.562682 -588.542 -3.04944
106100 195 343 0.568513 -593.148 -3.04179
106150 194 343 0.565598 -589.045 -3.03632
106200 194 343 0.565598 -579.169 -2.98541
106250 194 343 0.565598 -576.657 -2.97246
106300 194 343 0.565598 -572.268 -2.94983
106350 194 343 0.565598 -578.897 -2.98401
106400 194 343 0.565598 -584.806 -3.01446
106450 194 343 0.565598 -577.878 -2.97875
106500 194 343 0.565598 -578.349 -2.98118
106550 193 343 0.562682 -579.278 -3.00144
106600 193 343 0.562682 -587.781 -3.0455
106650 192 343 0.559767 -588.196 -3.06352
106700 192 343 0.559767 -592.771 -3.08735
106750 191 343 0.556851 -586.027 -3.0682
106800 191 343 0.556851 -581.745 -3.04579
106850 190 343 0.553936 -577.97 -3.04195
106900 189 343 0.55102 -577.993 -3.05816
106950 189 343 0.55102 -574.365 -3.03897
107000 191 343 0.556851 -584.691 -3.06121
107050 191 343 0.556851 -591.6 -3.09738
107100 191 343 0.556851 -593.874 -3.10929
107150 191 343 0.556851 -598.311 -3.13252
107200 192 343 0.559767 -606.353 -3.15809
107250 191 343 0.556851 -605.415 -3.16971
107300 192 343 0.559767 -608.701 -3.17032
107350 195 343 0.568513 -626.13 -3.21092
107400 195 343 0.568513 -625.056 -3.20542
107450 195 343 0.568513 -621.142 -3.18535
107500 195 343 0.568513 -623.593 -3.19791
107550 194 343 0.565598 -614.744 -3.16878
107600 194 343 0.565598 -614.281 -3.1664
107650 194 343 0.565598 -613.763 -3.16372
107700 195 343 0.568513 -617.294 -3.16561
107750 196 343 0.571429 -618.537 -3.1558
107800 196 343 0.571429 -625.796 -3.19284
107850 196 343 0.571429 -629.146 -3.20993
107900 195 343 0.568513 -620.944 -3.18433
107950 196 343 0.571429 -625.915 -3.19345
108000 197 343 0.574344 -622.541 -3.1601
108050 197 343 0.574344 -624.767 -3.17141
108100 196 343 0.571429 -618.236 -3.15427
108150 197 343 0.574344 -623.84 -3.1667
108200 196 343 0.571429 -619.936 -3.16294
108250 197 343 0.574344 -622.492 -3.15986
108300 197 343 0.574344 -625.531 -3.17529
108350 195 343 0.568513 -623.267 -3.19624
108400 195 343 0.568513 -625.572 -3.20806
108450 194 343 0.565598 -618.709 -3.18922
108500 194 343 0.565598 -623.365 -3.21322
108550 194 343 0.565598 -626.149 -3.22757
108600 194 343 0.565598 -623.606 -3.21446
108650 193 343 0.562682 -621.336 -3.21936
108700 194 343 0.565598 -623.357 -3.21318
108750 195 343 0.568513 -630.148 -3.23153
108800 195 343 0.568513 -631.002 -3.23591
108850 196 343 0.571429 -627.96 -3.20388
108900 197 343 0.574344 -632.156 -3.20892
108950 196 343 0.571429 -622.877 -3.17794
109000 195 343 0.568513 -613.559 -3.14646
109050 195 343 0.568513 -616.438 -3.16122
109100 196 343 0.571429 -610.859 -3.11663
109150 197 343 0.574344 -621.68 -3.15574
109200 196 343 0.571429 -620.03 -3.16342
109250 194 343 0.565598 -614.167 -3.16581
109300 195 343 0.568513 -618.898 -3.17384
109350 196 343 0.571429 -623.043 -3.17879
109400 196 343 0.571429 -625.215 -3.18987
109450 197 343 0.574344 -634.816 -3.22242
109500 197 343 0.574344 -630.973 -3.20291
109550 198 343 0.577259 -640.366 -3.23417
109600 199 343 0.580175 -649.89 -3.26578
109650 199 343 0.580175 -648.882 -3.26071
109700 199 343 0.580175 -648.674 -3.25967
109750 199 343 0.580175 -661.824 -3.32575
109800 198 343 0.577259 -648.537 -3.27544
109850 197 343 0.574344 -641.248 -3.25507
109900 196 343 0.571429 -635.503 -3.24236
109950 195 343 0.568513 -629.837 -3.22993
110000 194 343 0.565598 -621.849 -3.20541
110050 195 343 0.568513 -615.583 -3.15684
110100 197 343 0.574344 -624.102 -3.16803
110150 200 343 0.58309 -636.341 -3.18171
110200 200 343 0.58309 -633.222 -3.16611
110250 199 343 0.580175 -624.929 -3.14035
110300 199 343 0.580175 -620.062 -3.11589
110350 199 343 0.580175 -611.443 -3.07258
110400 198 343 0.577259 -603.087 -3.0459
110450 199 343 0.580175 -605.776 -3.0441
110500 199 343 0.580175 -608.02 -3.05538
110550 200 343 0.58309 -618.626 -3.09313
110600 199 343 0.580175 -615.035 -3.09063
110650 199 343 0.580175 -614.998 -3.09044
110700 198 343 0.577259 -616.575 -3.11402
110750 196 343 0.571429 -599.584 -3.0591
110800 196 343 0.571429 -599.993 -3.06119
110850 194 343 0.565598 -590.147 -3.042
110900 195 343 0.568513 -583.446 -2.99203
110950 193 343 0.562682 -572.247 -2.96501
111000 192 343 0.559767 -575.276 -2.99623
111050 192 343 0.559767 -581.56 -3.02896
111100 192 343 0.559767 -577.523 -3.00793
111150 193 343 0.562682 -572.05 -2.96399
111200 192 343 0.559767 -575.792 -2.99891
111250 193 343 0.562682 -582.115 -3.01614
111300 193 343 0.562682 -579.282 -3.00146
111350 194 343 0.565598 -595.585 -3.07002
111400 196 343 0.571429 -598.179 -3.05193
111450 197 343 0.574344 -605.731 -3.07478
111500 196 343 0.571429 -590.5 -3.01276
111550 196 343 0.571429 -599.925 -3.06084
111600 195 343 0.568513 -603.364 -3.09417
111650 195 343 0.568513 -609.125 -3.12372
111700 195 343 0.568513 -611.615 -3.13649
111750 195 343 0.568513 -612.855 -3.14285
111800 194 343 0.565598 -609.708 -3.14283
111850 194 343 0.565598 -607.116 -3.12946
111900 195 343 0.568513 -613.573 -3.14653
111950 195 343 0.568513 -605.066 -3.1029
112000 195 343 0.568513 -602.542 -3.08996
112050 194 343 0.565598 -602.216 -3.1042
112100 194 343 0.565598 -598.238 -3.0837
112150 193 343 0.562682 -596.735 -3.09189
112200 192 343 0.559767 -594.734 -3.09758
112250 193 343 0.562682 -598.239 -3.09968
112300 192 343 0.559767 -598.274 -3.11601
112350 191 343 0.556851 -586.253 -3.06939
112400 189 343 0.55102 -577.739 -3.05682
112450 190 343 0.553936 -577.357 -3.03872
112500 192 343 0.559767 -589.982 -3.07282
112550 192 343 0.559767 -590.878 -3.07749
112600 192 343 0.559767 -588.029 -3.06265
112650 191 343 0.556851 -593.39 -3.10676
112700 191 343 0.556851 -588.162 -3.07938
112750 191 343 0.556851 -601.237 -3.14784
112800 192 343 0.559767 -608.303 -3.16825
112850 191 343 0.556851 -610.156 -3.19453
112900 192 343 0.559767 -620.18 -3.23011
112950 193 343 0.562682 -620.876 -3.21698
113000 193 343 0.562682 -621.905 -3.22231
113050 193 343 0.562682 -606.232 -3.1411
113100 193 343 0.562682 -606.232 -3.1411
113150 194 343 0.565598 -609.728 -3.14293
113200 196 343 0.571429 -625.931 -3.19352
113250 196 343 0.571429 -623.966 -3.1835
113300 197 343 0.574344 -626.629 -3.18086
113350 197 343 0.574344 -629.659 -3.19624
113400 197 343 0.574344 -627 -3.18274
113450 197 343 0.574344 -624.318 -3.16913
113500 196 343 0.571429 -615.464 -3.14012
113550 194 343 0.565598 -603.887 -3.11282
113600 192 343 0.559767 -595.878 -3.10353
113650 190 343 0.553936 -589.372 -3.10196
113700 189 343 0.55102 -591.215 -3.12812
113750 190 343 0.553936 -594.686 -3.12992
113800 190 343 0.553936 -585.252 -3.08027
113850 190 343 0.553936 -582.624 -3.06644
113900 190 343 0.553936 -578.421 -3.04432
113950 188 343 0.548105 -580.012 -3.08517
114000 189 343 0.55102 -585.964 -3.10034
114050 186 343 0.542274 -575.076 -3.09181
114100 185 343 0.539359 -570.443 -3.08348
114150 184 343 0.536443 -561.736 -3.05291
114200 184 343 0.536443 -559.626 -3.04145
114250 182 343 0.530612 -552.349 -3.03488
114300 182 343 0.530612 -551.622 -3.03089
114350 182 343 0.530612 -554.276 -3.04547
114400 183 343 0.533528 -554.14 -3.02809
114450 184 343 0.536443 -562.984 -3.0597
114500 183 343 0.533528 -553.017 -3.02195
114550 183 343 0.533528 -551.117 -3.01157
114600 184 343 0.536443 -552.154 -3.00084
114650 186 343 0.542274 -555.021 -2.98398
114700 185 343 0.539359 -548.682 -2.96585
114750 185 343 0.539359 -550.191 -2.97401
114800 185 343 0.539359 -553.312 -2.99087
114850 184 343 0.536443 -552.597 -3.00324
114900 182 343 0.530612 -546.399 -3.00219
114950 181 343 0.527697 -538.947 -2.97761
115000 180 343 0.524781 -535.267 -2.9737
115050 178 343 0.51895 -522.553 -2.93569
115100 180 343 0.524781 -529.292 -2.94051
115150 180 343 0.524781 -523.612 -2.90896
115200 181 343 0.527697 -527.882 -2.91648
115250 181 343 0.527697 -533.189 -2.9458
115300 179 343 0.521866 -524.287 -2.92898
115350 181 343 0.527697 -531.929 -2.93883
115400 181 343 0.527697 -534.189 -2.95132
115450 183 343 0.533528 -533.79 -2.91688
115500 182 343 0.530612 -531.815 -2.92206
115550 182 343 0.530612 -534.484 -2.93673
115600 183 343 0.533528 -541.759 -2.96043
115650 181 343 0.527697 -534.638 -2.9538
115700 180 343 0.524781 -524.535 -2.91409
115750 180 343 0.524781 -520.965 -2.89425
115800 182 343 0.530612 -527.35 -2.89753
115850 183 343 0.533528 -537.149 -2.93524
115900 182 343 0.530612 -532.889 -2.92796
115950 182 343 0.530612 -534.109 -2.93466
116000 182 343 0.530612 -532.902 -2.92803
116050 183 343 0.533528 -532.905 -2.91205
116100 182 343 0.530612 -528.753 -2.90524
116150 182 343 0.530612 -526.351 -2.89204
116200 180 343 0.524781 -525.079 -2.91711
116250 177 343 0.516035 -521.387 -2.94569
116300 178 343 0.51895 -528.066 -2.96667
116350 179 343 0.521866 -534.215 -2.98444
116400 179 343 0.521866 -538.568 -3.00876
116450 180 343 0.524781 -547.433 -3.04129
116500 182 343 0.530612 -551.938 -3.03263
116550 183 343 0.533528 -543.368 -2.96923
116600 184 343 0.536443 -560.399 -3.04564
116650 184 343 0.536443 -555.944 -3.02144
116700 184 343 0.536443 -555.475 -3.01889
116750 184 343 0.536443 -561.036 -3.04911
116800 185 343 0.539359 -560.616 -3.03036
116850 184 343 0.536443 -559.411 -3.04028
116900 185 343 0.539359 -565 -3.05405
116950 186 343 0.542274 -569.773 -3.0633
117000 186 343 0.542274 -574.329 -3.08779
117050 184 343 0.536443 -575.032 -3.12517
117100 184 343 0.536443 -570.602 -3.1011
117150 186 343 0.542274 -580.916 -3.1232
117200 187 343 0.54519 -582.011 -3.11236
117250 187 343 0.54519 -574.045 -3.06976
117300 187 343 0.54519 -574.515 -3.07227
117350 188 343 0.548105 -583.52 -3.10383
117400 190 343 0.553936 -593.384 -3.12307
117450 190 343 0.553936 -590.576 -3.1083
117500 188 343 0.548105 -585.451 -3.1141
117550 189 343 0.55102 -592.495 -3.1349
117600 189 343 0.55102 -595.127 -3.14882
117650 187 343 0.54519 -582.689 -3.11599
117700 186 343 0.542274 -576.865 -3.10142
117750 186 343 0.542274 -578.429 -3.10983
117800 186 343 0.542274 -579.185 -3.1139
117850 186 343 0.542274 -578.092 -3.10802
117900 187 343 0.54519 -586.082 -3.13413
117950 187 343 0.54519 -582.063 -3.11264
118000 189 343 0.55102 -578.285 -3.05971
118050 190 343 0.553936 -577.351 -3.03869
118100 190 343 0.553936 -583.322 -3.07012
118150 193 343 0.562682 -595.538 -3.08569
118200 192 343 0.559767 -590.387 -3.07493
118250 192 343 0.559767 -579.018 -3.01572
118300 192 343 0.559767 -580.463 -3.02324
118350 192 343 0.559767 -579.96 -3.02063
118400 191 343 0.556851 -586.632 -3.07137
118450 192 343 0.559767 -589.535 -3.07049
118500 191 343 0.556851 -579.717 -3.03517
118550 193 343 0.562682 -592.928 -3.07217
118600 193 343 0.562682 -604.184 -3.13049
118650 192 343 0.559767 -602.534 -3.1382
118700 193 343 0.562682 -606.482 -3.14239
118750 193 343 0.562682 -605.801 -3.13887
118800 194 343 0.565598 -604.046 -3.11364
118850 196 343 0.571429 -613.358 -3.12938
118900 196 343 0.571429 -617.083 -3.14838
118950 197 343 0.574344 -624.153 -3.16829
119000 197 343 0.574344 -630.301 -3.1995
119050 196 343 0.571429 -627.639 -3.20224
119100 194 343 0.565598 -621.986 -3.20611
119150 195 343 0.568513 -620.218 -3.18061
119200 195 343 0.568513 -622.781 -3.19375
119250 194 343 0.565598 -613.264 -3.16115
119300 193 343 0.562682 -608.088 -3.15071
119350 193 343 0.562682 -603.404 -3.12644
119400 193 343 0.562682 -600.073 -3.10918
119450 195 343 0.568513 -605.129 -3.10323
119500 195 343 0.568513 -607.505 -3.11541
119550 195 343 0.568513 -604.055 -3.09772
119600 194 343 0.565598 -611.824 -3.15373
119650 195 343 0.568513 -614.555 -3.15157
119700 195 343 0.568513 -614.43 -3.15092
119750 195 343 0.568513 -614.339 -3.15046
119800 195 343 0.568513 -614.939 -3.15354
119850 194 343 0.565598 -606.856 -3.12812
119900 194 343 0.565598 -597.942 -3.08217
119950 193 343 0.562682 -591.37 -3.0641
120000 193 343 0.562682 -586.578 -3.03926
120050 194 343 0.565598 -596.165 -3.07302
120100 194 343 0.565598 -604.233 -3.11461
120150 195 343 0.568513 -616.849 -3.16333
120200 196 343 0.571429 -617.657 -3.15131
120250 196 343 0.571429 -618.801 -3.15715
120300 195 343 0.568513 -618.859 -3.17364
120350 195 343 0.568513 -622.619 -3.19292
120400 195 343 0.568513 -626.002 -3.21027
120450 195 343 0.568513 -626.923 -3.21499
120500 195 343 0.568513 -626.964 -3.2152
120550 194 343 0.565598 -620.887 -3.20045
120600 194 343 0.565598 -616.884 -3.17982
120650 195 343 0.568513 -619.732 -3.17811
120700 195 343 0.568513 -616.565 -3.16187
120750 195 343 0.568513 -613.283 -3.14504
120800 196 343 0.571429 -616.418 -3.14499
120850 194 343 0.565598 -617.238 -3.18164
120900 196 343 0.571429 -628.001 -3.20409
120950 196 343 0.571429 -626.098 -3.19438
121000 196 343 0.571429 -626.817 -3.19805
121050 195 343 0.568513 -622.178 -3.19066
121100 195 343 0.568513 -620.106 -3.18003
121150 195 343 0.568513 -620.86 -3.1839
121200 196 343 0.571429 -627.9 -3.20357
121250 196 343 0.571429 -628.34 -3.20582
121300 196 343 0.571429 -631.334 -3.22109
121350 196 343 0.571429 -629.709 -3.2128
121400 196 343 0.571429 -633.646 -3.23289
121450 196 343 0.571429 -635.161 -3.24062
121500 199 343 0.580175 -649.005 -3.26133
121550 199 343 0.580175 -650.408 -3.26838
121600 199 343 0.580175 -650.747 -3.27008
121650 198 343 0.577259 -647.196 -3.26866
121700 198 343 0.577259 -643.495 -3.24998
121750 198 343 0.577259 -635.974 -3.21199
121800 200 343 0.58309 -650.845 -3.25423
121850 198 343 0.577259 -633.186 -3.19791
121900 198 343 0.577259 -636.158 -3.21292
121950 198 343 0.577259 -634.517 -3.20463
122000 199 343 0.580175 -635.998 -3.19597
122050 198 343 0.577259 -625.59 -3.15955
122100 198 343 0.577259 -619.679 -3.12969
122150 198 343 0.577259 -623.666 -3.14983
122200 197 343 0.574344 -618.482 -3.1395
122250 197 343 0.574344 -612.46 -3.10894
122300 197 343 0.574344 -606.643 -3.0794
122350 197 343 0.574344 -605.135 -3.07175
122400 198 343 0.577259 -606.876 -3.06503
122450 198 343 0.577259 -618.733 -3.12491
122500 197 343 0.574344 -615.317 -3.12344
122550 194 343 0.565598 -602.814 -3.10729
122600 196 343 0.571429 -606.687 -3.09534
122650 197 343 0.574344 -605.525 -3.07373
122700 197 343 0.574344 -602.62 -3.05898
122750 196 343 0.571429 -592.489 -3.0229
122800 194 343 0.565598 -585.5 -3.01804
122850 191 343 0.556851 -575.315 -3.01212
122900 192 343 0.559767 -582.758 -3.0352
122950 192 343 0.559767 -584.313 -3.0433
123000 193 343 0.562682 -588.563 -3.04955
123050 191 343 0.556851 -583.345 -3.05416
123100 191 343 0.556851 -587.673 -3.07682
123150 191 343 0.556851 -584.088 -3.05805
123200 191 343 0.556851 -589.13 -3.08445
123250 192 343 0.559767 -588.096 -3.063
123300 192 343 0.559767 -588.96 -3.0675
123350 190 343 0.553936 -583.178 -3.06936
123400 190 343 0.553936 -581.855 -3.06239
123450 191 343 0.556851 -592.891 -3.10414
123500 191 343 0.556851 -595.271 -3.1166
123550 192 343 0.559767 -595.096 -3.09946
123600 193 343 0.562682 -598.815 -3.10267
123650 192 343 0.559767 -598.891 -3.11922
123700 192 343 0.559767 -603.569 -3.14359
123750 192 343 0.559767 -606.968 -3.16129
123800 191 343 0.556851 -603.745 -3.16097
123850 191 343 0.556851 -609.166 -3.18935
123900 191 343 0.556851 -612.588 -3.20727
123950 191 343 0.556851 -614.36 -3.21655
124000 191 343 0.556851 -613.537 -3.21223
124050 190 343 0.553936 -603.193 -3.1747
124100 189 343 0.55102 -599.256 -3.17067
124150 188 343 0.548105 -597.96 -3.18064
124200 189 343 0.55102 -602.581 -3.18826
124250 189 343 0.55102 -604.963 -3.20086
124300 190 343 0.553936 -611.817 -3.22009
124350 190 343 0.553936 -616.321 -3.2438
124400 190 343 0.553936 -617.384 -3.24939
124450 191 343 0.556851 -604.74 -3.16618
124500 191 343 0.556851 -604.087 -3.16276
124550 189 343 0.55102 -597.865 -3.16331
124600 189 343 0.55102 -588.944 -3.1161
124650 187 343 0.54519 -581.358 -3.10887
124700 188 343 0.548105 -584.662 -3.1099
124750 188 343 0.548105 -583.55 -3.10399
124800 188 343 0.548105 -585.414 -3.1139
124850 188 343 0.548105 -585.959 -3.1168
124900 188 343 0.548105 -593.299 -3.15584
124950 188 343 0.548105 -592.244 -3.15023
125000 190 343 0.553936 -600.925 -3.16277
125050 191 343 0.556851 -604.225 -3.16348
125100 191 343 0.556851 -606.674 -3.1763
125150 192 343 0.559767 -605.378 -3.15301
125200 192 343 0.559767 -598.348 -3.1164
125250 192 343 0.559767 -599.408 -3.12192
125300 190 343 0.553936 -589.359 -3.10189
125350 189 343 0.55102 -576.193 -3.04864
125400 188 343 0.548105 -574.905 -3.05801
125450 190 343 0.553936 -590.281 -3.10674
125500 190 343 0.553936 -587.65 -3.09289
125550 190 343 0.553936 -592.5 -3.11842
125600 190 343 0.553936 -598.448 -3.14973
125650 190 343 0.553936 -600.231 -3.15911
125700 190 343 0.553936 -600.384 -3.15992
125750 190 343 0.553936 -604.839 -3.18336
125800 189 343 0.55102 -602.712 -3.18895
125850 189 343 0.55102 -595.316 -3.14982
125900 187 343 0.54519 -581.449 -3.10935
125950 187 343 0.54519 -578.239 -3.09219
126000 185 343 0.539359 -563.28 -3.04476
126050 187 343 0.54519 -560.886 -2.99939
126100 187 343 0.54519 -566.933 -3.03173
126150 187 343 0.54519 -570.519 -3.0509
126200 186 343 0.542274 -570.352 -3.06641
126250 186 343 0.542274 -572.598 -3.07849
126300 185 343 0.539359 -566.858 -3.0641
126350 186 343 0.542274 -568.869 -3.05843
126400 188 343 0.548105 -576.149 -3.06462
126450 188 343 0.548105 -573.921 -3.05277
126500 187 343 0.54519 -566.261 -3.02813
126550 186 343 0.542274 -570.61 -3.06779
126600 184 343 0.536443 -565.444 -3.07306
126650 186 343 0.542274 -565.798 -3.04192
126700 186 343 0.542274 -575.284 -3.09293
126750 186 343 0.542274 -580.913 -3.12319
126800 187 343 0.54519 -589.896 -3.15453
126850 189 343 0.55102 -598.21 -3.16513
126900 188 343 0.548105 -596.388 -3.17228
126950 190 343 0.553936 -611.827 -3.22014
127000 189 343 0.55102 -605.239 -3.20232
127050 190 343 0.553936 -610.806 -3.21477
127100 187 343 0.54519 -597.512 -3.19525
127150 187 343 0.54519 -595.438 -3.18416
127200 188 343 0.548105 -600.553 -3.19443
127250 189 343 0.55102 -600.433 -3.1769
127300 189 343 0.55102 -596.763 -3.15747
127350 188 343 0.548105 -601.576 -3.19987
127400 189 343 0.55102 -601.412 -3.18207
127450 189 343 0.55102 -602.33 -3.18693
127500 189 343 0.55102 -600.964 -3.1797
127550 189 343 0.55102 -600.737 -3.1785
127600 189 343 0.55102 -607.706 -3.21538
127650 188 343 0.548105 -598.635 -3.18423
127700 188 343 0.548105 -595.726 -3.16875
127750 189 343 0.55102 -594.855 -3.14738
127800 189 343 0.55102 -595.334 -3.14992
127850 190 343 0.553936 -595.987 -3.13677
127900 192 343 0.559767 -602.285 -3.1369
127950 191 343 0.556851 -596.15 -3.12121
128000 190 343 0.553936 -595.389 -3.13363
128050 190 343 0.553936 -598.236 -3.14861
128100 190 343 0.553936 -601.547 -3.16603
128150 190 343 0.553936 -598.888 -3.15204
128200 194 343 0.565598 -608.915 -3.13874
128250 192 343 0.559767 -606.697 -3.15988
128300 194 343 0.565598 -622.592 -3.20924
128350 196 343 0.571429 -625.985 -3.1938
128400 196 343 0.571429 -626.922 -3.19858
128450 194 343 0.565598 -621.44 -3.2033
128500 194 343 0.565598 -617.966 -3.18539
128550 194 343 0.565598 -614.266 -3.16632
128600 194 343 0.565598 -606.759 -3.12762
128650 194 343 0.565598 -599.478 -3.09009
128700 196 343 0.571429 -611.138 -3.11805
128750 194 343 0.565598 -601.422 -3.10011
128800 194 343 0.565598 -607.478 -3.13133
128850 193 343 0.562682 -601.647 -3.11734
128900 192 343 0.559767 -595.692 -3.10256
128950 192 343 0.559767 -599.711 -3.1235
129000 190 343 0.553936 -585.357 -3.08083
129050 189 343 0.55102 -583.565 -3.08764
129100 189 343 0.55102 -590.283 -3.12319
129150 187 343 0.54519 -589.022 -3.14985
129200 188 343 0.548105 -593.189 -3.15526
129250 189 343 0.55102 -596.967 -3.15856
129300 188 343 0.548105 -595.34 -3.1667
129350 187 343 0.54519 -588.844 -3.1489
129400 186 343 0.542274 -584.147 -3.14057
129450 186 343 0.542274 -578.608 -3.11079
129500 188 343 0.548105 -586.625 -3.12035
129550 189 343 0.55102 -601.514 -3.18261
129600 190 343 0.553936 -606.162 -3.19033
129650 191 343 0.556851 -614.995 -3.21987
129700 193 343 0.562682 -629.803 -3.26323
129750 192 343 0.559767 -621.812 -3.2386
129800 191 343 0.556851 -618.363 -3.2375
129850 190 343 0.553936 -609.679 -3.20884
129900 190 343 0.553936 -610.918 -3.21536
129950 190 343 0.553936 -605.509 -3.18689
130000 190 343 0.553936 -606.314 -3.19113
130050 189 343 0.55102 -604.293 -3.19732
130100 190 343 0.553936 -612.953 -3.22607
130150 189 343 0.55102 -610.515 -3.23024
130200 189 343 0.55102 -603.428 -3.19274
130250 189 343 0.55102 -607.62 -3.21492
130300 190 343 0.553936 -611.174 -3.2167
130350 189 343 0.55102 -608.22 -3.21809
130400 190 343 0.553936 -610.098 -3.21104
130450 190 343 0.553936 -609.337 -3.20704
130500 188 343 0.548105 -597.172 -3.17645
130550 189 343 0.55102 -599.764 -3.17336
130600 189 343 0.55102 -597.082 -3.15917
130650 188 343 0.548105 -593.232 -3.15549
130700 187 343 0.54519 -585.584 -3.13147
130750 188 343 0.548105 -581.414 -3.09263
130800 188 343 0.548105 -587.118 -3.12297
130850 188 343 0.548105 -584.616 -3.10966
130900 190 343 0.553936 -596.42 -3.13905
130950 190 343 0.553936 -596.12 -3.13748
131000 191 343 0.556851 -590.833 -3.09337
131050 190 343 0.553936 -588.005 -3.09476
131100 191 343 0.556851 -600.842 -3.14577
131150 189 343 0.55102 -596.865 -3.15802
131200 189 343 0.55102 -599.341 -3.17112
131250 189 343 0.55102 -604.178 -3.19671
131300 191 343 0.556851 -614.711 -3.21838
131350 191 343 0.556851 -614.154 -3.21547
131400 191 343 0.556851 -613.029 -3.20958
131450 191 343 0.556851 -613.725 -3.21322
131500 191 343 0.556851 -611.422 -3.20116
131550 192 343 0.559767 -615.911 -3.20787
131600 192 343 0.559767 -608.914 -3.17143
131650 190 343 0.553936 -604.537 -3.18177
131700 190 343 0.553936 -605.531 -3.18701
131750 190 343 0.553936 -604.85 -3.18342
131800 191 343 0.556851 -607.941 -3.18294
131850 191 343 0.556851 -616.758 -3.2291
131900 193 343 0.562682 -615.75 -3.19041
131950 193 343 0.562682 -618.514 -3.20474
132000 192 343 0.559767 -610.57 -3.18005
132050 192 343 0.559767 -611.72 -3.18604
132100 191 343 0.556851 -613.373 -3.21138
132150 190 343 0.553936 -610.207 -3.21162
132200 189 343 0.55102 -612.17 -3.23899
132250 189 343 0.55102 -608.659 -3.22042
132300 188 343 0.548105 -603.678 -3.21105
132350 188 343 0.548105 -599.884 -3.19087
132400 189 343 0.55102 -609.179 -3.22317
132450 188 343 0.548105 -603.308 -3.20909
132500 188 343 0.548105 -598.963 -3.18598
132550 190 343 0.553936 -604.989 -3.18415
132600 189 343 0.55102 -600.905 -3.17939
132650 189 343 0.55102 -601.888 -3.18459
132700 189 343 0.55102 -602.209 -3.18629
132750 191 343 0.556851 -614.46 -3.21707
132800 192 343 0.559767 -619.096 -3.22446
132850 194 343 0.565598 -622.131 -3.20686
132900 194 343 0.565598 -626.149 -3.22757
132950 194 343 0.565598 -617.646 -3.18374
133000 196 343 0.571429 -629.303 -3.21073
133050 197 343 0.574344 -631.944 -3.20784
133100 197 343 0.574344 -630.499 -3.2005
133150 197 343 0.574344 -628.189 -3.18878
133200 197 343 0.574344 -632.245 -3.20937
133250 197 343 0.574344 -625.466 -3.17495
133300 197 343 0.574344 -626.954 -3.18251
133350 197 343 0.574344 -626.631 -3.18087
133400 197 343 0.574344 -622.308 -3.15892
133450 199 343 0.580175 -631.75 -3.17462
133500 199 343 0.580175 -636.868 -3.20034
133550 198 343 0.577259 -621.624 -3.13952
133600 198 343 0.577259 -626.639 -3.16484
133650 200 343 0.58309 -633.83 -3.16915
133700 202 343 0.588921 -641.054 -3.17353
133750 200 343 0.58309 -633.071 -3.16536
133800 199 343 0.580175 -629.533 -3.16348
133850 199 343 0.580175 -642.75 -3.2299
133900 200 343 0.58309 -649.185 -3.24593
133950 200 343 0.58309 -642.669 -3.21334
134000 199 343 0.580175 -639.741 -3.21478
134050 199 343 0.580175 -626.191 -3.14669
134100 199 343 0.580175 -630.857 -3.17013
134150 198 343 0.577259 -615.934 -3.11078
134200 197 343 0.574344 -616.338 -3.12862
134250 197 343 0.574344 -616.563 -3.12976
134300 197 343 0.574344 -619.483 -3.14459
134350 196 343 0.571429 -614.407 -3.13473
134400 196 343 0.571429 -620.587 -3.16626
134450 197 343 0.574344 -626.384 -3.17961
134500 198 343 0.577259 -622.943 -3.14618
134550 199 343 0.580175 -635.197 -3.19195
134600 199 343 0.580175 -634.56 -3.18874
134650 200 343 0.58309 -637.323 -3.18661
134700 200 343 0.58309 -638.22 -3.1911
134750 198 343 0.577259 -631.511 -3.18945
134800 197 343 0.574344 -630.75 -3.20177
134850 198 343 0.577259 -644.737 -3.25625
134900 196 343 0.571429 -634.481 -3.23715
134950 195 343 0.568513 -625.34 -3.20687
135000 192 343 0.559767 -608.929 -3.1715
135050 192 343 0.559767 -610.992 -3.18225
135100 192 343 0.559767 -613.369 -3.19463
135150 192 343 0.559767 -612.453 -3.18986
135200 192 343 0.559767 -609.878 -3.17645
135250 193 343 0.562682 -621.326 -3.21931
135300 194 343 0.565598 -624.562 -3.21939
135350 194 343 0.565598 -617.201 -3.18145
135400 195 343 0.568513 -618.448 -3.17153
135450 196 343 0.571429 -612.909 -3.12709
135500 198 343 0.577259 -617.834 -3.12037
135550 198 343 0.577259 -621.913 -3.14098
135600 197 343 0.574344 -611.398 -3.10354
135650 195 343 0.568513 -604.251 -3.09873
135700 194 343 0.565598 -597.243 -3.07857
135750 193 343 0.562682 -605.5 -3.1373
135800 195 343 0.568513 -614.412 -3.15083
135850 194 343 0.565598 -613.976 -3.16483
135900 194 343 0.565598 -620.361 -3.19774
135950 195 343 0.568513 -628.871 -3.22498
136000 197 343 0.574344 -641.654 -3.25713
136050 197 343 0.574344 -643.211 -3.26503
136100 199 343 0.580175 -651.214 -3.27243
136150 199 343 0.580175 -655.797 -3.29546
136200 199 343 0.580175 -655.862 -3.29579
136250 199 343 0.580175 -652.955 -3.28118
136300 198 343 0.577259 -646.156 -3.26342
136350 200 343 0.58309 -652.087 -3.26043
136400 200 343 0.58309 -654.852 -3.27426
136450 201 343 0.586006 -658.471 -3.27597
136500 201 343 0.586006 -657.441 -3.27085
136550 201 343 0.586006 -659.641 -3.2818
136600 201 343 0.586006 -655.157 -3.25949
136650 201 343 0.586006 -656.157 -3.26446
136700 203 343 0.591837 -659.833 -3.25041
136750 203 343 0.591837 -656.798 -3.23546
136800 202 343 0.588921 -655.12 -3.24317
136850 202 343 0.588921 -652.943 -3.23239
136900 202 343 0.588921 -654.59 -3.24055
136950 200 343 0.58309 -656.218 -3.28109
137000 200 343 0.58309 -655.642 -3.27821
137050 200 343 0.58309 -656.153 -3.28077
137100 199 343 0.580175 -646.96 -3.25105
137150 201 343 0.586006 -655.075 -3.25908
137200 200 343 0.58309 -639.338 -3.19669
137250 200 343 0.58309 -640.944 -3.20472
137300 201 343 0.586006 -647.48 -3.22129
137350 200 343 0.58309 -649.745 -3.24872
137400 200 343 0.58309 -645.297 -3.22648
137450 201 343 0.586006 -653.531 -3.2514
137500 200 343 0.58309 -651.642 -3.25821
137550 201 343 0.586006 -658.33 -3.27527
137600 204 343 0.594752 -666.579 -3.26754
137650 204 343 0.594752 -667.136 -3.27028
137700 204 343 0.594752 -671.902 -3.29364
137750 204 343 0.594752 -672.15 -3.29485
137800 203 343 0.591837 -668.448 -3.29285
137850 202 343 0.588921 -660.686 -3.27072
137900 201 343 0.586006 -654.148 -3.25447
137950 201 343 0.586006 -662.336 -3.29521
138000 199 343 0.580175 -650.828 -3.27049
138050 199 343 0.580175 -651.609 -3.27441
138100 199 343 0.580175 -656.812 -3.30056
138150 199 343 0.580175 -658.345 -3.30827
138200 197 343 0.574344 -640.624 -3.2519
138250 196 343 0.571429 -635.344 -3.24155
138300 196 343 0.571429 -635.474 -3.24222
138350 196 343 0.571429 -631.227 -3.22055
138400 196 343 0.571429 -624.869 -3.18811
138450 196 343 0.571429 -625.836 -3.19304
138500 197 343 0.574344 -631.5 -3.20558
138550 195 343 0.568513 -620.629 -3.18271
138600 196 343 0.571429 -626.057 -3.19417
138650 195 343 0.568513 -629.106 -3.22618
138700 192 343 0.559767 -616.923 -3.21314
138750 192 343 0.559767 -619.316 -3.2256
138800 193 343 0.562682 -623.977 -3.23304
138850 193 343 0.562682 -623.426 -3.23019
138900 192 343 0.559767 -620.245 -3.23044
138950 192 343 0.559767 -617.266 -3.21493
139000 191 343 0.556851 -608.877 -3.18784
139050 191 343 0.556851 -609.825 -3.1928
139100 190 343 0.553936 -604.392 -3.18101
139150 191 343 0.556851 -611.074 -3.19934
139200 190 343 0.553936 -609.01 -3.20531
139250 190 343 0.553936 -605.211 -3.18532
139300 190 343 0.553936 -601.131 -3.16385
139350 189 343 0.55102 -600.733 -3.17848
139400 188 343 0.548105 -595.603 -3.1681
139450 188 343 0.548105 -597.178 -3.17648
139500 189 343 0.55102 -599.106 -3.16987
139550 190 343 0.553936 -607.837 -3.19914
139600 191 343 0.556851 -606.064 -3.17311
139650 190 343 0.553936 -599.329 -3.15436
139700 192 343 0.559767 -603.106 -3.14118
139750 193 343 0.562682 -607.672 -3.14856
139800 192 343 0.559767 -602.987 -3.14056
139850 194 343 0.565598 -614.658 -3.16834
139900 195 343 0.568513 -624.306 -3.20157
139950 196 343 0.571429 -627.812 -3.20312
140000 195 343 0.568513 -619.024 -3.17448
140050 194 343 0.565598 -613.275 -3.16121
140100 195 343 0.568513 -624.505 -3.20259
140150 194 343 0.565598 -621.741 -3.20485
140200 193 343 0.562682 -616.875 -3.19624
140250 193 343 0.562682 -619.172 -3.20815
140300 192 343 0.559767 -616.92 -3.21313
140350 193 343 0.562682 -624.329 -3.23486
140400 194 343 0.565598 -625.207 -3.22271
140450 197 343 0.574344 -636.207 -3.22948
140500 197 343 0.574344 -633.902 -3.21778
140550 198 343 0.577259 -642.135 -3.24311
140600 199 343 0.580175 -640.715 -3.21967
140650 199 343 0.580175 -644.927 -3.24084
140700 199 343 0.580175 -642.123 -3.22675
140750 198 343 0.577259 -632.415 -3.19401
140800 196 343 0.571429 -633.86 -3.23398
140850 196 343 0.571429 -631.082 -3.2198
140900 198 343 0.577259 -649.588 -3.28075
140950 198 343 0.577259 -647.143 -3.2684
141000 198 343 0.577259 -645.338 -3.25928
141050 198 343 0.577259 -645.511 -3.26016
141100 199 343 0.580175 -644.563 -3.23901
141150 199 343 0.580175 -641.858 -3.22542
141200 199 343 0.580175 -642.404 -3.22816
141250 200 343 0.58309 -639.008 -3.19504
141300 199 343 0.580175 -626.545 -3.14847
141350 199 343 0.580175 -629.8 -3.16483
141400 199 343 0.580175 -630.582 -3.16876
141450 199 343 0.580175 -622.415 -3.12772
141500 198 343 0.577259 -621.913 -3.14097
141550 198 343 0.577259 -622.376 -3.14331
141600 198 343 0.577259 -624.161 -3.15233
141650 198 343 0.577259 -621.957 -3.1412
141700 197 343 0.574344 -622.836 -3.1616
141750 198 343 0.577259 -615.185 -3.107
141800 197 343 0.574344 -607.033 -3.08139
141850 196 343 0.571429 -610.406 -3.11432
141900 196 343 0.571429 -611.569 -3.12025
141950 196 343 0.571429 -603.487 -3.07901
142000 196 343 0.571429 -608.803 -3.10614
142050 194 343 0.565598 -604.742 -3.11723
142100 192 343 0.559767 -607.117 -3.16207
142150 192 343 0.559767 -608.632 -3.16996
142200 191 343 0.556851 -601.028 -3.14674
142250 193 343 0.562682 -605.256 -3.13604
142300 194 343 0.565598 -598.65 -3.08583
142350 195 343 0.568513 -607.687 -3.11634
142400 195 343 0.568513 -613.189 -3.14456
142450 193 343 0.562682 -608.352 -3.15208
142500 193 343 0.562682 -611.871 -3.17031
142550 193 343 0.562682 -613.119 -3.17678
142600 193 343 0.562682 -617.629 -3.20015
142650 193 343 0.562682 -617.465 -3.1993
142700 193 343 0.562682 -620.304 -3.21401
142750 194 343 0.565598 -627.621 -3.23516
142800 194 343 0.565598 -622.138 -3.2069
142850 194 343 0.565598 -625.945 -3.22652
142900 193 343 0.562682 -623.166 -3.22884
142950 193 343 0.562682 -619.033 -3.20743
143000 192 343 0.559767 -613.563 -3.19564
143050 192 343 0.559767 -614.213 -3.19902
143100 192 343 0.559767 -612.844 -3.19189
143150 193 343 0.562682 -607.533 -3.14784
143200 192 343 0.559767 -600.823 -3.12929
143250 190 343 0.553936 -595.83 -3.13595
143300 190 343 0.553936 -600.373 -3.15986
143350 189 343 0.55102 -595.318 -3.14983
143400 189 343 0.55102 -594.17 -3.14376
143450 189 343 0.55102 -592.19 -3.13328
143500 188 343 0.548105 -589.522 -3.13575
143550 188 343 0.548105 -592.101 -3.14947
143600 188 343 0.548105 -591.056 -3.14391
143650 188 343 0.548105 -589.424 -3.13523
143700 186 343 0.542274 -583.182 -3.13539
143750 186 343 0.542274 -583.786 -3.13863
143800 189 343 0.55102 -598.821 -3.16837
143850 190 343 0.553936 -606.719 -3.19326
143900 191 343 0.556851 -606.93 -3.17765
143950 190 343 0.553936 -604.216 -3.18009
144000 190 343 0.553936 -601.916 -3.16798
144050 191 343 0.556851 -606.936 -3.17767
144100 192 343 0.559767 -610.056 -3.17737
144150 193 343 0.562682 -612.69 -3.17456
144200 193 343 0.562682 -613.661 -3.17959
144250 193 343 0.562682 -617.952 -3.20182
144300 193 343 0.562682 -613.867 -3.18066
144350 193 343 0.562682 -610.023 -3.16074
144400 192 343 0.559767 -612.466 -3.18993
144450 192 343 0.559767 -612.311 -3.18912
144500 192 343 0.559767 -615.286 -3.20461
144550 190 343 0.553936 -604.682 -3.18254
144600 192 343 0.559767 -617.774 -3.21758
144650 191 343 0.556851 -612.83 -3.20853
144700 192 343 0.559767 -614.037 -3.19811
144750 191 343 0.556851 -608.462 -3.18566
144800 191 343 0.556851 -607.755 -3.18196
144850 192 343 0.559767 -611.245 -3.18357
144900 192 343 0.559767 -617.323 -3.21523
144950 191 343 0.556851 -608.447 -3.18558
145000 190 343 0.553936 -603.098 -3.1742
145050 190 343 0.553936 -603.236 -3.17492
145100 191 343 0.556851 -610.394 -3.19578
145150 191 343 0.556851 -611.561 -3.20189
145200 192 343 0.559767 -613.202 -3.19376
145250 191 343 0.556851 -598.845 -3.13531
145300 192 343 0.559767 -602.583 -3.13845
145350 193 343 0.562682 -611.202 -3.16685
145400 193 343 0.562682 -601.495 -3.11656
145450 193 343 0.562682 -603.4 -3.12643
145500 193 343 0.562682 -604.71 -3.13321
145550 191 343 0.556851 -592.455 -3.10186
145600 193 343 0.562682 -586.18 -3.0372
145650 194 343 0.565598 -595.476 -3.06946
145700 195 343 0.568513 -603.597 -3.09537
145750 195 343 0.568513 -598.909 -3.07133
145800 194 343 0.565598 -598.729 -3.08623
145850 194 343 0.565598 -597.851 -3.08171
145900 194 343 0.565598 -598.12 -3.08309
145950 193 343 0.562682 -606.593 -3.14297
146000 193 343 0.562682 -605.073 -3.13509
146050 193 343 0.562682 -599.815 -3.10785
146100 193 343 0.562682 -596.665 -3.09153
146150 192 343 0.559767 -593.801 -3.09272
146200 191 343 0.556851 -599.268 -3.13753
146250 190 343 0.553936 -591.376 -3.1125
146300 189 343 0.55102 -582.467 -3.08184
146350 189 343 0.55102 -583.755 -3.08865
146400 187 343 0.54519 -578.22 -3.09208
146450 187 343 0.54519 -571.814 -3.05783
146500 187 343 0.54519 -575.205 -3.07596
146550 188 343 0.548105 -579.726 -3.08365
146600 189 343 0.55102 -582.865 -3.08394
146650 188 343 0.548105 -578.057 -3.07477
146700 186 343 0.542274 -566.09 -3.04349
146750 186 343 0.542274 -568.077 -3.05417
146800 189 343 0.55102 -587.728 -3.10967
146850 188 343 0.548105 -575.37 -3.06048
146900 187 343 0.54519 -570.376 -3.05014
146950 187 343 0.54519 -569.083 -3.04322
147000 186 343 0.542274 -560.027 -3.0109
147050 186 343 0.542274 -564.555 -3.03524
147100 187 343 0.54519 -571.341 -3.0553
147150 187 343 0.54519 -565.286 -3.02292
147200 188 343 0.548105 -568.416 -3.02349
147250 188 343 0.548105 -574.643 -3.05661
147300 187 343 0.54519 -567.186 -3.03308
147350 186 343 0.542274 -562.98 -3.02677
147400 187 343 0.54519 -568.314 -3.03911
147450 188 343 0.548105 -572.086 -3.04301
147500 190 343 0.553936 -582.966 -3.06824
147550 192 343 0.559767 -584.799 -3.04583
147600 193 343 0.562682 -585.819 -3.03533
147650 193 343 0.562682 -586.299 -3.03782
147700 193 343 0.562682 -589.204 -3.05287
147750 191 343 0.556851 -580.825 -3.04097
147800 190 343 0.553936 -577.991 -3.04206
147850 190 343 0.553936 -579.68 -3.05095
147900 191 343 0.556851 -586.678 -3.07161
147950 190 343 0.553936 -580.751 -3.05658
148000 190 343 0.553936 -581.874 -3.0625
148050 190 343 0.553936 -580.009 -3.05268
148100 190 343 0.553936 -589.707 -3.10372
148150 191 343 0.556851 -598.229 -3.13209
148200 191 343 0.556851 -603.715 -3.16081
148250 193 343 0.562682 -616.106 -3.19226
148300 194 343 0.565598 -628.337 -3.23885
148350 194 343 0.565598 -622.496 -3.20874
148400 195 343 0.568513 -632.605 -3.24413
148450 196 343 0.571429 -630.493 -3.2168
148500 196 343 0.571429 -627.678 -3.20244
148550 197 343 0.574344 -626.165 -3.1785
148600 197 343 0.574344 -628.505 -3.19038
148650 196 343 0.571429 -624.609 -3.18678
148700 196 343 0.571429 -625.418 -3.19091
148750 195 343 0.568513 -625.556 -3.20798
148800 198 343 0.577259 -647.373 -3.26956
148850 198 343 0.577259 -650.736 -3.28655
148900 199 343 0.580175 -652.935 -3.28108
148950 199 343 0.580175 -655.41 -3.29352
149000 198 343 0.577259 -650.811 -3.28693
149050 200 343 0.58309 -665.299 -3.32649
149100 201 343 0.586006 -658.554 -3.27639
149150 201 343 0.586006 -657.89 -3.27308
149200 201 343 0.586006 -658.361 -3.27543
149250 201 343 0.586006 -653.066 -3.24909
149300 201 343 0.586006 -655.432 -3.26086
149350 201 343 0.586006 -655.687 -3.26212
149400 201 343 0.586006 -651.864 -3.2431
149450 205 343 0.597668 -664.709 -3.24248
149500 205 343 0.597668 -668.125 -3.25915
149550 205 343 0.597668 -672.837 -3.28213
149600 205 343 0.597668 -663.056 -3.23442
149650 205 343 0.597668 -659.696 -3.21803
149700 204 343 0.594752 -655.476 -3.21312
149750 204 343 0.594752 -655.74 -3.21441
149800 203 343 0.591837 -650.369 -3.20379
149850 203 343 0.591837 -653.032 -3.21691
149900 200 343 0.58309 -648.373 -3.24186
149950 200 343 0.58309 -649.695 -3.24847
150000 200 343 0.58309 -648.262 -3.24131
150050 200 343 0.58309 -659.626 -3.29813
150100 200 343 0.58309 -661.018 -3.30509
150150 200 343 0.58309 -660.785 -3.30392
150200 200 343 0.58309 -661.129 -3.30564
150250 200 343 0.58309 -658.151 -3.29075
150300 199 343 0.580175 -650.468 -3.26868
150350 199 343 0.580175 -656.552 -3.29926
150400 199 343 0.580175 -655.097 -3.29194
150450 198 343 0.577259 -647.269 -3.26904
150500 197 343 0.574344 -643.2 -3.26497
150550 197 343 0.574344 -642.284 -3.26033
150600 196 343 0.571429 -637.11 -3.25056
150650 196 343 0.571429 -640.823 -3.26951
150700 197 343 0.574344 -648.524 -3.292
150750 196 343 0.571429 -639.562 -3.26307
150800 196 343 0.571429 -638.461 -3.25746
150850 196 343 0.571429 -632.402 -3.22654
150900 196 343 0.571429 -622.053 -3.17374
150950 196 343 0.571429 -624.55 -3.18648
151000 196 343 0.571429 -622.175 -3.17436
151050 196 343 0.571429 -627.874 -3.20344
151100 196 343 0.571429 -626.604 -3.19696
151150 197 343 0.574344 -632.19 -3.20908
151200 196 343 0.571429 -626.614 -3.19701
151250 196 343 0.571429 -633.091 -3.23005
151300 196 343 0.571429 -633.581 -3.23256
151350 199 343 0.580175 -640.465 -3.21842
151400 198 343 0.577259 -628.578 -3.17463
151450 197 343 0.574344 -623.989 -3.16746
151500 197 343 0.574344 -624.566 -3.17039
151550 196 343 0.571429 -621.438 -3.1706
151600 197 343 0.574344 -638.302 -3.24011
151650 197 343 0.574344 -634.789 -3.22228
151700 197 343 0.574344 -632.433 -3.21032
151750 196 343 0.571429 -632.078 -3.22489
151800 197 343 0.574344 -639.258 -3.24496
151850 198 343 0.577259 -642.231 -3.24359
151900 197 343 0.574344 -632.527 -3.21079
151950 195 343 0.568513 -625.062 -3.20544
152000 195 343 0.568513 -619.377 -3.17629
152050 194 343 0.565598 -613.166 -3.16065
152100 195 343 0.568513 -617.654 -3.16746
152150 195 343 0.568513 -619.092 -3.17483
152200 194 343 0.565598 -612.785 -3.15868
152250 195 343 0.568513 -619.602 -3.17745
152300 193 343 0.562682 -617.986 -3.202
152350 190 343 0.553936 -602.403 -3.17054
152400 189 343 0.55102 -599.349 -3.17116
152450 188 343 0.548105 -594.511 -3.16229
152500 187 343 0.54519 -593.147 -3.17191
152550 188 343 0.548105 -598.701 -3.18458
152600 188 343 0.548105 -593.713 -3.15805
152650 188 343 0.548105 -595.223 -3.16608
152700 188 343 0.548105 -595.86 -3.16947
152750 192 343 0.559767 -622.378 -3.24155
152800 192 343 0.559767 -618.333 -3.22049
152850 192 343 0.559767 -619.219 -3.2251
152900 191 343 0.556851 -610.315 -3.19537
152950 192 343 0.559767 -611.61 -3.18547
153000 192 343 0.559767 -611.023 -3.18241
153050 192 343 0.559767 -613.157 -3.19353
153100 192 343 0.559767 -613.617 -3.19592
153150 191 343 0.556851 -607.454 -3.18039
153200 192 343 0.559767 -615.269 -3.20452
153250 192 343 0.559767 -617.137 -3.21426
153300 192 343 0.559767 -618.83 -3.22307
153350 193 343 0.562682 -620.474 -3.21489
153400 193 343 0.562682 -623.403 -3.23007
153450 196 343 0.571429 -642.603 -3.27859
153500 196 343 0.571429 -639.368 -3.26208
153550 196 343 0.571429 -637.613 -3.25313
153600 196 343 0.571429 -634.727 -3.2384
153650 197 343 0.574344 -638.829 -3.24279
153700 198 343 0.577259 -643.167 -3.24832
153750 200 343 0.58309 -651.406 -3.25703
153800 200 343 0.58309 -656.754 -3.28377
153850 200 343 0.58309 -650.996 -3.25498
153900 200 343 0.58309 -649.301 -3.24651
153950 201 343 0.586006 -655.087 -3.25914
154000 199 343 0.580175 -645.833 -3.24539
154050 198 343 0.577259 -642.657 -3.24574
154100 199 343 0.580175 -637.22 -3.20211
154150 198 343 0.577259 -633.739 -3.2007
154200 198 343 0.577259 -641.381 -3.2393
154250 196 343 0.571429 -624.911 -3.18832
154300 197 343 0.574344 -636.583 -3.23138
154350 196 343 0.571429 -634.684 -3.23818
154400 197 343 0.574344 -640.553 -3.25154
154450 197 343 0.574344 -638.108 -3.23913
154500 197 343 0.574344 -643.745 -3.26774
154550 196 343 0.571429 -633.103 -3.23012
154600 196 343 0.571429 -635.414 -3.24191
154650 196 343 0.571429 -634.685 -3.23819
154700 195 343 0.568513 -626.476 -3.2127
154750 195 343 0.568513 -618.198 -3.17025
154800 194 343 0.565598 -620.227 -3.19705
154850 194 343 0.565598 -624.149 -3.21726
154900 194 343 0.565598 -623.396 -3.21338
154950 193 343 0.562682 -613.622 -3.17939
155000 193 343 0.562682 -611.935 -3.17065
155050 193 343 0.562682 -614.602 -3.18447
155100 194 343 0.565598 -620.846 -3.20024
155150 194 343 0.565598 -614.915 -3.16967
155200 195 343 0.568513 -619.277 -3.17578
155250 194 343 0.565598 -627.32 -3.23361
155300 194 343 0.565598 -633.446 -3.26518
155350 193 343 0.562682 -626.522 -3.24623
155400 192 343 0.559767 -622.267 -3.24097
155450 192 343 0.559767 -623.783 -3.24887
155500 193 343 0.562682 -621.705 -3.22127
155550 193 343 0.562682 -615.223 -3.18768
155600 193 343 0.562682 -604.424 -3.13173
155650 194 343 0.565598 -605.03 -3.11871
155700 193 343 0.562682 -604.29 -3.13103
155750 193 343 0.562682 -606.205 -3.14096
155800 192 343 0.559767 -609.713 -3.17559
155850 191 343 0.556851 -606.009 -3.17282
155900 190 343 0.553936 -597.686 -3.14572
155950 190 343 0.553936 -594.93 -3.13121
156000 190 343 0.553936 -591.362 -3.11243
156050 189 343 0.55102 -579.559 -3.06645
156100 188 343 0.548105 -572.454 -3.04497
156150 187 343 0.54519 -567.838 -3.03656
156200 189 343 0.55102 -570.482 -3.01842
156250 190 343 0.553936 -569.362 -2.99664
156300 188 343 0.548105 -565.928 -3.01026
156350 190 343 0.553936 -578.901 -3.04685
156400 192 343 0.559767 -589.969 -3.07276
156450 192 343 0.559767 -594.811 -3.09797
156500 192 343 0.559767 -598.575 -3.11758
156550 193 343 0.562682 -606.992 -3.14504
156600 193 343 0.562682 -602.875 -3.1237
156650 193 343 0.562682 -601.495 -3.11655
156700 191 343 0.556851 -591.258 -3.09559
156750 190 343 0.553936 -591.029 -3.11068
156800 191 343 0.556851 -594 -3.10995
156850 191 343 0.556851 -592.596 -3.1026
156900 191 343 0.556851 -593.818 -3.109
156950 191 343 0.556851 -603.952 -3.16205
157000 192 343 0.559767 -614.751 -3.20183
157050 192 343 0.559767 -616.709 -3.21203
157100 192 343 0.559767 -620.701 -3.23282
157150 191 343 0.556851 -608.455 -3.18563
157200 191 343 0.556851 -608.304 -3.18484
157250 189 343 0.55102 -602.949 -3.19021
157300 189 343 0.55102 -603.431 -3.19276
157350 190 343 0.553936 -615.154 -3.23765
157400 190 343 0.553936 -610.93 -3.21542
157450 190 343 0.553936 -610.291 -3.21206
157500 191 343 0.556851 -619.119 -3.24146
157550 192 343 0.559767 -624.173 -3.2509
157600 192 343 0.559767 -623.588 -3.24786
157650 190 343 0.553936 -610.905 -3.21529
157700 189 343 0.55102 -608.49 -3.21952
157750 190 343 0.553936 -608.363 -3.20191
157800 191 343 0.556851 -615.157 -3.22072
157850 191 343 0.556851 -612.673 -3.20771
157900 190 343 0.553936 -601.674 -3.1667
157950 189 343 0.55102 -599.388 -3.17137
158000 188 343 0.548105 -594.363 -3.16151
158050 187 343 0.54519 -586.405 -3.13585
158100 189 343 0.55102 -596.519 -3.15618
158150 189 343 0.55102 -592.705 -3.13601
158200 190 343 0.553936 -593.359 -3.12294
158250 189 343 0.55102 -585.443 -3.09758
158300 188 343 0.548105 -579.271 -3.08123
158350 186 343 0.542274 -574.339 -3.08784
158400 187 343 0.54519 -577.493 -3.0882
158450 186 343 0.542274 -573.673 -3.08426
158500 186 343 0.542274 -567.973 -3.05362
158550 186 343 0.542274 -567.235 -3.04965
158600 189 343 0.55102 -581.213 -3.0752
158650 189 343 0.55102 -584.176 -3.09088
158700 189 343 0.55102 -583.475 -3.08717
158750 189 343 0.55102 -582.512 -3.08207
158800 190 343 0.553936 -592.692 -3.11943
158850 190 343 0.553936 -594.249 -3.12763
158900 190 343 0.553936 -595.568 -3.13457
158950 190 343 0.553936 -596.103 -3.13738
159000 191 343 0.556851 -598.835 -3.13526
159050 192 343 0.559767 -610.914 -3.18184
159100 194 343 0.565598 -617.018 -3.18051
159150 193 343 0.562682 -612.86 -3.17544
159200 193 343 0.562682 -615.56 -3.18943
159250 190 343 0.553936 -593.088 -3.12152
159300 191 343 0.556851 -595.655 -3.11861
159350 191 343 0.556851 -591.431 -3.0965
159400 191 343 0.556851 -590.505 -3.09165
159450 191 343 0.556851 -581.372 -3.04383
159500 190 343 0.553936 -575.655 -3.02976
159550 190 343 0.553936 -581.248 -3.0592
159600 192 343 0.559767 -586.46 -3.05448
159650 192 343 0.559767 -588.923 -3.06731
159700 193 343 0.562682 -595.634 -3.08619
159750 192 343 0.559767 -585.244 -3.04815
159800 192 343 0.559767 -590.43 -3.07516
159850 193 343 0.562682 -592.271 -3.06876
159900 194 343 0.565598 -594.21 -3.06294
159950 196 343 0.571429 -614.314 -3.13425
160000 196 343 0.571429 -621.608 -3.17147
160050 196 343 0.571429 -623.589 -3.18158
160100 196 343 0.571429 -623.399 -3.18061
160150 196 343 0.571429 -623.827 -3.18279
160200 195 343 0.568513 -619.867 -3.17881
160250 194 343 0.565598 -615.432 -3.17233
160300 193 343 0.562682 -614.892 -3.18597
160350 191 343 0.556851 -610.038 -3.19392
160400 192 343 0.559767 -615.556 -3.20602
160450 192 343 0.559767 -616.09 -3.2088
160500 195 343 0.568513 -623.163 -3.19571
160550 194 343 0.565598 -616.865 -3.17972
160600 196 343 0.571429 -625.756 -3.19263
160650 195 343 0.568513 -621.449 -3.18692
160700 197 343 0.574344 -637.292 -3.23498
160750 196 343 0.571429 -627.546 -3.20176
160800 197 343 0.574344 -634.578 -3.22121
160850 198 343 0.577259 -638.039 -3.22242
160900 198 343 0.577259 -634.904 -3.20658
160950 198 343 0.577259 -630.153 -3.18259
161000 198 343 0.577259 -630.097 -3.18231
161050 197 343 0.574344 -626.173 -3.17855
161100 195 343 0.568513 -618.997 -3.17434
161150 196 343 0.571429 -624.112 -3.18425
161200 197 343 0.574344 -626.691 -3.18117
161250 197 343 0.574344 -616.319 -3.12852
161300 196 343 0.571429 -616.033 -3.14302
161350 196 343 0.571429 -608.293 -3.10354
161400 196 343 0.571429 -609.063 -3.10746
161450 198 343 0.577259 -617.123 -3.11678
161500 200 343 0.58309 -624.337 -3.12168
161550 198 343 0.577259 -623.576 -3.14937
161600 197 343 0.574344 -624.387 -3.16948
161650 197 343 0.574344 -630.302 -3.1995
161700 196 343 0.571429 -631.871 -3.22383
161750 196 343 0.571429 -633.151 -3.23036
161800 195 343 0.568513 -619.467 -3.17676
161850 195 343 0.568513 -615.623 -3.15704
161900 194 343 0.565598 -610.587 -3.14735
161950 195 343 0.568513 -620.359 -3.18133
162000 193 343 0.562682 -617.946 -3.20179
162050 193 343 0.562682 -617.592 -3.19996
162100 194 343 0.565598 -626.395 -3.22884
162150 193 343 0.562682 -627.557 -3.25159
162200 195 343 0.568513 -638.976 -3.2768
162250 195 343 0.568513 -644.036 -3.30275
162300 194 343 0.565598 -638.508 -3.29128
162350 195 343 0.568513 -642.816 -3.29649
162400 195 343 0.568513 -646.082 -3.31324
162450 195 343 0.568513 -646.552 -3.31565
162500 195 343 0.568513 -646.239 -3.31405
162550 197 343 0.574344 -655.416 -3.32698
162600 197 343 0.574344 -654.562 -3.32265
162650 198 343 0.577259 -654.935 -3.30775
162700 197 343 0.574344 -647.189 -3.28523
162750 197 343 0.574344 -653.149 -3.31548
162800 195 343 0.568513 -646.114 -3.31341
162850 195 343 0.568513 -646.5 -3.31538
162900 195 343 0.568513 -651.425 -3.34064
162950 195 343 0.568513 -651.031 -3.33862
163000 195 343 0.568513 -651.346 -3.34023
163050 196 343 0.571429 -654.075 -3.33712
163100 197 343 0.574344 -654.819 -3.32395
163150 195 343 0.568513 -644.544 -3.30535
163200 193 343 0.562682 -630.378 -3.26621
163250 193 343 0.562682 -631.609 -3.27259
163300 193 343 0.562682 -634.32 -3.28663
163350 194 343 0.565598 -635.751 -3.27707
163400 194 343 0.565598 -635.505 -3.2758
163450 195 343 0.568513 -632.376 -3.24295
163500 195 343 0.568513 -627.078 -3.21578
163550 196 343 0.571429 -629.238 -3.2104
163600 194 343 0.565598 -619.593 -3.19378
163650 193 343 0.562682 -613.904 -3.18085
163700 192 343 0.559767 -613.057 -3.193
163750 192 343 0.559767 -616.083 -3.20876
163800 193 343 0.562682 -616.639 -3.19502
163850 193 343 0.562682 -612.982 -3.17607
163900 194 343 0.565598 -615.754 -3.17399
163950 193 343 0.562682 -607.447 -3.14739
164000 193 343 0.562682 -613.873 -3.18069
164050 193 343 0.562682 -612.407 -3.17309
164100 192 343 0.559767 -612.459 -3.18989
164150 192 343 0.559767 -608.731 -3.17047
164200 193 343 0.562682 -613.761 -3.18011
164250 194 343 0.565598 -619.759 -3.19464
164300 194 343 0.565598 -626.728 -3.23056
164350 196 343 0.571429 -624.23 -3.18485
164400 196 343 0.571429 -619.873 -3.16262
164450 197 343 0.574344 -631.188 -3.204
164500 198 343 0.577259 -634.297 -3.20352
164550 198 343 0.577259 -635.419 -3.20919
164600 199 343 0.580175 -640.379 -3.21799
164650 200 343 0.58309 -643.338 -3.21669
164700 200 343 0.58309 -641.713 -3.20857
164750 200 343 0.58309 -635.531 -3.17766
164800 200 343 0.58309 -632.571 -3.16286
164850 200 343 0.58309 -644.925 -3.22463
164900 200 343 0.58309 -646.437 -3.23218
164950 203 343 0.591837 -664.593 -3.27386
165000 204 343 0.594752 -664.346 -3.2566
165050 203 343 0.591837 -660.264 -3.25253
165100 203 343 0.591837 -659.138 -3.24698
165150 203 343 0.591837 -658.544 -3.24406
165200 203 343 0.591837 -655.548 -3.2293
165250 204 343 0.594752 -663.644 -3.25316
165300 203 343 0.591837 -660.645 -3.25441
165350 201 343 0.586006 -654.73 -3.25736
165400 200 343 0.58309 -653.138 -3.26569
165450 201 343 0.586006 -659.635 -3.28176
165500 203 343 0.591837 -675.07 -3.32547
165550 202 343 0.588921 -666.39 -3.29896
165600 203 343 0.591837 -675.738 -3.32876
165650 203 343 0.591837 -672.904 -3.3148
165700 203 343 0.591837 -672.52 -3.31291
165750 203 343 0.591837 -671.226 -3.30653
165800 202 343 0.588921 -667.511 -3.30451
165850 203 343 0.591837 -670.872 -3.30479
165900 203 343 0.591837 -667.772 -3.28952
165950 203 343 0.591837 -675.694 -3.32854
166000 202 343 0.588921 -666.728 -3.30063
166050 201 343 0.586006 -660.506 -3.2861
166100 201 343 0.586006 -658.932 -3.27827
166150 201 343 0.586006 -660.281 -3.28498
166200 203 343 0.591837 -663.345 -3.26771
166250 202 343 0.588921 -663.624 -3.28527
166300 200 343 0.58309 -650.403 -3.25201
166350 200 343 0.58309 -654.037 -3.27019
166400 200 343 0.58309 -653.318 -3.26659
166450 201 343 0.586006 -658.633 -3.27678
166500 202 343 0.588921 -666.855 -3.30126
166550 200 343 0.58309 -666.857 -3.33428
166600 200 343 0.58309 -665.995 -3.32997
166650 201 343 0.586006 -669.005 -3.32838
166700 202 343 0.588921 -671.779 -3.32564
166750 203 343 0.591837 -685.772 -3.37819
166800 204 343 0.594752 -700.272 -3.43271
166850 204 343 0.594752 -695.146 -3.40758
166900 204 343 0.594752 -692.116 -3.39272
166950 203 343 0.591837 -686.489 -3.38172
167000 205 343 0.597668 -696.884 -3.39943
167050 205 343 0.597668 -706.628 -3.44697
167100 203 343 0.591837 -697.179 -3.43438
167150 202 343 0.588921 -697.541 -3.45317
167200 202 343 0.588921 -696.549 -3.44826
167250 204 343 0.594752 -703.208 -3.4471
167300 203 343 0.591837 -702.815 -3.46214
167350 203 343 0.591837 -699.554 -3.44608
167400 201 343 0.586006 -685.45 -3.4102
167450 202 343 0.588921 -688.799 -3.4099
167500 201 343 0.586006 -686.141 -3.41364
167550 203 343 0.591837 -691.92 -3.40847
167600 203 343 0.591837 -687.428 -3.38634
167650 203 343 0.591837 -684.65 -3.37266
167700 204 343 0.594752 -687.577 -3.37048
167750 204 343 0.594752 -697.552 -3.41937
167800 205 343 0.597668 -698.687 -3.40823
167850 205 343 0.597668 -698.425 -3.40695
167900 204 343 0.594752 -700.574 -3.43419
167950 205 343 0.597668 -698.549 -3.40756
168000 205 343 0.597668 -699.771 -3.41351
168050 203 343 0.591837 -692.997 -3.41378
168100 204 343 0.594752 -701.264 -3.43757
168150 203 343 0.591837 -699.625 -3.44643
168200 203 343 0.591837 -697.037 -3.43368
168250 203 343 0.591837 -693.05 -3.41404
168300 205 343 0.597668 -698.802 -3.40879
168350 205 343 0.597668 -701.763 -3.42323
168400 205 343 0.597668 -699.852 -3.41391
168450 204 343 0.594752 -695.488 -3.40925
168500 204 343 0.594752 -694.875 -3.40625
168550 203 343 0.591837 -692.139 -3.40955
168600 202 343 0.588921 -687.825 -3.40507
168650 203 343 0.591837 -696.122 -3.42917
168700 204 343 0.594752 -703.542 -3.44874
168750 203 343 0.591837 -699.78 -3.44719
168800 204 343 0.594752 -702.966 -3.44591
168850 202 343 0.588921 -696.844 -3.44972
168900 200 343 0.58309 -683.241 -3.41621
168950 200 343 0.58309 -683.044 -3.41522
169000 200 343 0.58309 -680.147 -3.40073
169050 201 343 0.586006 -685.031 -3.40811
169100 201 343 0.586006 -678.909 -3.37766
169150 203 343 0.591837 -679.232 -3.34597
169200 203 343 0.591837 -676.138 -3.33073
169250 201 343 0.586006 -674.721 -3.35682
169300 201 343 0.586006 -670.826 -3.33744
169350 201 343 0.586006 -664.921 -3.30806
169400 201 343 0.586006 -676.112 -3.36374
169450 203 343 0.591837 -683.949 -3.36921
169500 205 343 0.597668 -693.008 -3.38053
169550 205 343 0.597668 -690.739 -3.36946
169600 207 343 0.603499 -702.985 -3.39606
169650 207 343 0.603499 -700.37 -3.38343
169700 207 343 0.603499 -700.732 -3.38518
169750 205 343 0.597668 -688.52 -3.35863
169800 204 343 0.594752 -677.224 -3.31973
169850 204 343 0.594752 -680.187 -3.33425
169900 204 343 0.594752 -680.798 -3.33725
169950 204 343 0.594752 -679.783 -3.33227
170000 204 343 0.594752 -672.455 -3.29635
170050 204 343 0.594752 -668.819 -3.27852
170100 204 343 0.594752 -669.83 -3.28348
170150 203 343 0.591837 -658.501 -3.24385
170200 203 343 0.591837 -652.924 -3.21638
170250 203 343 0.591837 -653.741 -3.2204
170300 203 343 0.591837 -655.283 -3.228
170350 201 343 0.586006 -635.371 -3.16105
170400 202 343 0.588921 -638.441 -3.1606
170450 202 343 0.588921 -641.975 -3.1781
170500 203 343 0.591837 -641.508 -3.16014
170550 201 343 0.586006 -627.709 -3.12293
170600 200 343 0.58309 -624.837 -3.12419
170650 198 343 0.577259 -620.959 -3.13616
170700 199 343 0.580175 -628.692 -3.15926
170750 199 343 0.580175 -628.331 -3.15744
170800 199 343 0.580175 -631.067 -3.17119
170850 200 343 0.58309 -640.533 -3.20267
170900 200 343 0.58309 -637.214 -3.18607
170950 200 343 0.58309 -632.383 -3.16191
171000 200 343 0.58309 -629.141 -3.1457
171050 202 343 0.588921 -630.867 -3.1231
171100 202 343 0.588921 -637.903 -3.15794
171150 202 343 0.588921 -633.377 -3.13553
171200 201 343 0.586006 -631.207 -3.14033
171250 202 343 0.588921 -636.637 -3.15167
171300 201 343 0.586006 -633.291 -3.1507
171350 200 343 0.58309 -621.503 -3.10752
171400 197 343 0.574344 -607.106 -3.08176
171450 197 343 0.574344 -606.971 -3.08107
171500 198 343 0.577259 -612.091 -3.09137
171550 198 343 0.577259 -618.201 -3.12223
171600 199 343 0.580175 -620.502 -3.1181
171650 199 343 0.580175 -628.555 -3.15857
171700 199 343 0.580175 -633.668 -3.18426
171750 199 343 0.580175 -632.797 -3.17988
171800 199 343 0.580175 -631.414 -3.17294
171850 196 343 0.571429 -625.92 -3.19347
171900 196 343 0.571429 -625.152 -3.18955
171950 196 343 0.571429 -621.631 -3.17159
172000 195 343 0.568513 -616.805 -3.1631
172050 192 343 0.559767 -597.456 -3.11175
172100 191 343 0.556851 -594.437 -3.11224
172150 190 343 0.553936 -587.548 -3.09236
172200 192 343 0.559767 -584.565 -3.04461
172250 192 343 0.559767 -584.597 -3.04478
172300 192 343 0.559767 -587.234 -3.05851
172350 193 343 0.562682 -586.963 -3.04126
172400 192 343 0.559767 -579.771 -3.01964
172450 192 343 0.559767 -581.596 -3.02914
172500 191 343 0.556851 -576.549 -3.01858
172550 190 343 0.553936 -578.786 -3.04624
172600 188 343 0.548105 -567.55 -3.01889
172650 187 343 0.54519 -561.343 -3.00183
172700 186 343 0.542274 -555.984 -2.98916
172750 187 343 0.54519 -563.191 -3.01172
172800 187 343 0.54519 -561.476 -3.00254
172850 187 343 0.54519 -562.023 -3.00547
172900 187 343 0.54519 -570.691 -3.05182
172950 187 343 0.54519 -567.864 -3.03671
173000 188 343 0.548105 -574.07 -3.05356
173050 188 343 0.548105 -575.453 -3.06092
173100 188 343 0.548105 -574.306 -3.05482
173150 188 343 0.548105 -580.622 -3.08842
173200 188 343 0.548105 -589.298 -3.13457
173250 189 343 0.55102 -588.446 -3.11347
173300 185 343 0.539359 -569.991 -3.08103
173350 186 343 0.542274 -574.014 -3.0861
173400 187 343 0.54519 -574.066 -3.06987
173450 186 343 0.542274 -571.343 -3.07174
173500 186 343 0.542274 -571.479 -3.07247
173550 187 343 0.54519 -579.128 -3.09694
173600 186 343 0.542274 -572.659 -3.07881
173650 187 343 0.54519 -576.869 -3.08486
173700 186 343 0.542274 -569.891 -3.06393
173750 186 343 0.542274 -568.292 -3.05533
173800 186 343 0.542274 -567.61 -3.05166
173850 187 343 0.54519 -576.531 -3.08306
173900 188 343 0.548105 -578.738 -3.07839
173950 190 343 0.553936 -585.835 -3.08334
174000 189 343 0.55102 -580.085 -3.06923
174050 189 343 0.55102 -584.601 -3.09313
174100 188 343 0.548105 -582.866 -3.10035
174150 187 343 0.54519 -576.178 -3.08117
174200 186 343 0.542274 -565.675 -3.04127
174250 185 343 0.539359 -561.063 -3.03277
174300 184 343 0.536443 -558.215 -3.03378
174350 180 343 0.524781 -538.609 -2.99227
174400 179 343 0.521866 -547.646 -3.05947
174450 180 343 0.524781 -553.34 -3.07411
174500 180 343 0.524781 -553.683 -3.07602
174550 186 343 0.542274 -581.356 -3.12557
174600 186 343 0.542274 -579.917 -3.11784
174650 186 343 0.542274 -583.329 -3.13618
174700 188 343 0.548105 -592.575 -3.15199
174750 189 343 0.55102 -594.105 -3.14341
174800 189 343 0.55102 -596.548 -3.15634
174850 188 343 0.548105 -592.089 -3.14941
174900 188 343 0.548105 -590.967 -3.14344
174950 187 343 0.54519 -584.199 -3.12406
175000 188 343 0.548105 -587.776 -3.12647
175050 190 343 0.553936 -605.639 -3.18757
175100 189 343 0.55102 -604.439 -3.19809
175150 189 343 0.55102 -601.21 -3.181
175200 190 343 0.553936 -603.42 -3.1759
175250 190 343 0.553936 -595.62 -3.13484
175300 190 343 0.553936 -593.991 -3.12627
175350 192 343 0.559767 -603.715 -3.14435
175400 193 343 0.562682 -599.584 -3.10665
175450 194 343 0.565598 -604.737 -3.1172
175500 194 343 0.565598 -603.954 -3.11317
175550 193 343 0.562682 -599.127 -3.10428
175600 193 343 0.562682 -592.347 -3.06915
175650 193 343 0.562682 -596.802 -3.09224
175700 193 343 0.562682 -603.885 -3.12894
175750 195 343 0.568513 -613.476 -3.14603
175800 194 343 0.565598 -607.636 -3.13214
175850 195 343 0.568513 -605.711 -3.10621
175900 195 343 0.568513 -608.224 -3.1191
175950 195 343 0.568513 -607.745 -3.11664
176000 197 343 0.574344 -605.863 -3.07545
176050 198 343 0.577259 -608.697 -3.07423
176100 198 343 0.577259 -612.445 -3.09316
176150 196 343 0.571429 -607.163 -3.09777
176200 196 343 0.571429 -606.808 -3.09596
176250 196 343 0.571429 -595.662 -3.03909
176300 196 343 0.571429 -599.945 -3.06094
176350 197 343 0.574344 -603.958 -3.06578
176400 198 343 0.577259 -605.957 -3.06039
176450 199 343 0.580175 -617.947 -3.10526
176500 199 343 0.580175 -623.541 -3.13337
176550 199 343 0.580175 -626.504 -3.14826
176600 198 343 0.577259 -613.045 -3.09619
176650 198 343 0.577259 -622.152 -3.14218
176700 196 343 0.571429 -611.685 -3.12084
176750 196 343 0.571429 -611.718 -3.12101
176800 196 343 0.571429 -614.463 -3.13501
176850 196 343 0.571429 -613.377 -3.12947
176900 197 343 0.574344 -615.167 -3.12267
176950 198 343 0.577259 -619.948 -3.13105
177000 196 343 0.571429 -621.517 -3.171
177050 197 343 0.574344 -625.219 -3.1737
177100 195 343 0.568513 -626.711 -3.2139
177150 196 343 0.571429 -631.489 -3.22188
177200 196 343 0.571429 -637.079 -3.2504
177250 194 343 0.565598 -629.978 -3.24731
177300 192 343 0.559767 -616.893 -3.21298
177350 193 343 0.562682 -618.643 -3.20541
177400 194 343 0.565598 -622.37 -3.20809
177450 194 343 0.565598 -622.967 -3.21117
177500 194 343 0.565598 -621.5 -3.20361
177550 194 343 0.565598 -622.13 -3.20686
177600 194 343 0.565598 -618.439 -3.18783
177650 194 343 0.565598 -624.858 -3.22092
177700 193 343 0.562682 -617.294 -3.19841
177750 193 343 0.562682 -619.986 -3.21236
177800 193 343 0.562682 -615.969 -3.19155
177850 193 343 0.562682 -622.951 -3.22772
177900 193 343 0.562682 -620.867 -3.21693
177950 191 343 0.556851 -607.119 -3.17863
178000 191 343 0.556851 -602.136 -3.15255
178050 190 343 0.553936 -591.054 -3.11081
178100 189 343 0.55102 -588.912 -3.11594
178150 189 343 0.55102 -589.724 -3.12023
178200 189 343 0.55102 -596.245 -3.15474
178250 190 343 0.553936 -603.668 -3.1772
178300 189 343 0.55102 -599.579 -3.17238
178350 189 343 0.55102 -592.583 -3.13536
178400 189 343 0.55102 -595.335 -3.14992
178450 188 343 0.548105 -588.779 -3.1318
178500 188 343 0.548105 -587.598 -3.12552
178550 188 343 0.548105 -584.553 -3.10932
178600 188 343 0.548105 -588.967 -3.1328
178650 189 343 0.55102 -595.656 -3.15162
178700 189 343 0.55102 -597.179 -3.15968
178750 189 343 0.55102 -597.353 -3.1606
178800 190 343 0.553936 -605.262 -3.18559
178850 190 343 0.553936 -608.484 -3.20255
178900 186 343 0.542274 -587.091 -3.15641
178950 187 343 0.54519 -598.559 -3.20085
179000 190 343 0.553936 -607.208 -3.19583
179050 191 343 0.556851 -605.079 -3.16795
179100 193 343 0.562682 -616.555 -3.19459
179150 191 343 0.556851 -606.875 -3.17736
179200 191 343 0.556851 -609.161 -3.18932
179250 191 343 0.556851 -607.055 -3.1783
179300 191 343 0.556851 -613.971 -3.21451
179350 192 343 0.559767 -621.824 -3.23867
179400 193 343 0.562682 -626.275 -3.24495
179450 194 343 0.565598 -629.937 -3.2471
179500 195 343 0.568513 -640.135 -3.28274
179550 195 343 0.568513 -640.286 -3.28352
179600 194 343 0.565598 -631.354 -3.2544
179650 195 343 0.568513 -646.651 -3.31616
179700 196 343 0.571429 -648.717 -3.30978
179750 196 343 0.571429 -643.137 -3.28131
179800 195 343 0.568513 -637.017 -3.26676
179850 195 343 0.568513 -632.256 -3.24234
179900 194 343 0.565598 -619.605 -3.19384
179950 195 343 0.568513 -623.136 -3.19557
180000 195 343 0.568513 -628.426 -3.2227
180050 195 343 0.568513 -614.088 -3.14917
180100 193 343 0.562682 -609.727 -3.15921
180150 192 343 0.559767 -602.405 -3.13753
180200 192 343 0.559767 -601.321 -3.13188
180250 191 343 0.556851 -596.717 -3.12417
180300 189 343 0.55102 -591.338 -3.12877
180350 190 343 0.553936 -594.175 -3.12724
180400 190 343 0.553936 -592.649 -3.11921
180450 191 343 0.556851 -602.802 -3.15603
180500 191 343 0.556851 -613.419 -3.21162
180550 191 343 0.556851 -613.64 -3.21278
180600 189 343 0.55102 -614.32 -3.25037
180650 187 343 0.54519 -605.179 -3.23625
180700 189 343 0.55102 -614.721 -3.25249
180750 189 343 0.55102 -614.497 -3.25131
180800 190 343 0.553936 -623.487 -3.28151
180850 192 343 0.559767 -634.468 -3.30452
180900 194 343 0.565598 -638.865 -3.29312
180950 193 343 0.562682 -630.357 -3.2661
181000 194 343 0.565598 -630.209 -3.2485
181050 195 343 0.568513 -633.686 -3.24967
181100 195 343 0.568513 -630.656 -3.23413
181150 195 343 0.568513 -639.153 -3.27771
181200 195 343 0.568513 -633.993 -3.25125
181250 194 343 0.565598 -629.548 -3.24509
181300 194 343 0.565598 -627.842 -3.2363
181350 193 343 0.562682 -616.494 -3.19427
181400 193 343 0.562682 -608.761 -3.1542
181450 194 343 0.565598 -615.242 -3.17135
181500 194 343 0.565598 -611.914 -3.15419
181550 193 343 0.562682 -603.971 -3.12938
181600 192 343 0.559767 -603.252 -3.14194
181650 192 343 0.559767 -599.556 -3.12269
181700 191 343 0.556851 -598.355 -3.13275
181750 192 343 0.559767 -607.464 -3.16388
181800 192 343 0.559767 -606.977 -3.16134
181850 190 343 0.553936 -602.363 -3.17033
181900 190 343 0.553936 -599.786 -3.15677
181950 190 343 0.553936 -604.402 -3.18106
182000 191 343 0.556851 -603.9 -3.16178
182050 190 343 0.553936 -601.768 -3.1672
182100 190 343 0.553936 -593.18 -3.122
182150 189 343 0.55102 -590.078 -3.1221
182200 190 343 0.553936 -590.265 -3.10666
182250 190 343 0.553936 -581.038 -3.05809
182300 191 343 0.556851 -589.771 -3.0878
182350 190 343 0.553936 -586.066 -3.08456
182400 189 343 0.55102 -580.406 -3.07093
182450 189 343 0.55102 -585.171 -3.09614
182500 188 343 0.548105 -577.758 -3.07318
182550 189 343 0.55102 -575.85 -3.04682
182600 189 343 0.55102 -580.455 -3.07119
182650 189 343 0.55102 -573.807 -3.03602
182700 188 343 0.548105 -572.992 -3.04783
182750 189 343 0.55102 -575.765 -3.04637
182800 188 343 0.548105 -571.689 -3.0409
182850 188 343 0.548105 -570.249 -3.03324
182900 191 343 0.556851 -578.869 -3.03073
182950 191 343 0.556851 -577.611 -3.02414
183000 189 343 0.55102 -581.899 -3.07883
183050 190 343 0.553936 -589.554 -3.10292
183100 190 343 0.553936 -586.552 -3.08711
183150 188 343 0.548105 -576.316 -3.06551
183200 190 343 0.553936 -580.827 -3.05699
183250 188 343 0.548105 -566.68 -3.01425
183300 188 343 0.548105 -564.784 -3.00417
183350 188 343 0.548105 -570.541 -3.03479
183400 189 343 0.55102 -572.414 -3.02864
183450 187 343 0.54519 -566.433 -3.02905
183500 188 343 0.548105 -568.358 -3.02318
183550 187 343 0.54519 -556.96 -2.9784
183600 185 343 0.539359 -560.246 -3.02836
183650 185 343 0.539359 -562.632 -3.04126
183700 185 343 0.539359 -558.789 -3.02048
183750 185 343 0.539359 -553.965 -2.9944
183800 185 343 0.539359 -546.255 -2.95273
183850 185 343 0.539359 -552.527 -2.98663
183900 183 343 0.533528 -545.042 -2.97837
183950 183 343 0.533528 -544.756 -2.97681
184000 182 343 0.530612 -543.724 -2.98749
184050 183 343 0.533528 -557.155 -3.04457
184100 183 343 0.533528 -560.208 -3.06125
184150 183 343 0.533528 -558.629 -3.05262
184200 184 343 0.536443 -565.586 -3.07384
184250 185 343 0.539359 -565.851 -3.05865
184300 184 343 0.536443 -555.577 -3.01944
184350 184 343 0.536443 -556.991 -3.02712
184400 184 343 0.536443 -549.23 -2.98494
184450 185 343 0.539359 -559.919 -3.02659
184500 185 343 0.539359 -560.995 -3.0324
184550 185 343 0.539359 -568.759 -3.07437
184600 183 343 0.533528 -562.192 -3.07209
184650 184 343 0.536443 -565.793 -3.07496
184700 184 343 0.536443 -566.215 -3.07726
184750 184 343 0.536443 -563.009 -3.05983
184800 184 343 0.536443 -570.136 -3.09856
184850 185 343 0.539359 -571.494 -3.08916
184900 186 343 0.542274 -572.136 -3.076
184950 186 343 0.542274 -576.693 -3.1005
185000 186 343 0.542274 -578.566 -3.11057
185050 187 343 0.54519 -577.765 -3.08965
185100 189 343 0.55102 -584.581 -3.09302
185150 188 343 0.548105 -586.264 -3.11843
185200 187 343 0.54519 -572.651 -3.06231
185250 186 343 0.542274 -571.418 -3.07214
185300 185 343 0.539359 -567.308 -3.06653
185350 186 343 0.542274 -566.764 -3.04712
185400 188 343 0.548105 -571.069 -3.0376
185450 189 343 0.55102 -576.264 -3.04902
185500 189 343 0.55102 -575.102 -3.04287
185550 189 343 0.55102 -572.129 -3.02714
185600 187 343 0.54519 -560.011 -2.99471
185650 187 343 0.54519 -558.747 -2.98795
185700 188 343 0.548105 -559.557 -2.97637
185750 187 343 0.54519 -566.844 -3.03125
185800 186 343 0.542274 -554.507 -2.98122
185850 186 343 0.542274 -555.171 -2.98479
185900 185 343 0.539359 -551.1 -2.97892
185950 184 343 0.536443 -547.939 -2.97793
186000 184 343 0.536443 -550.097 -2.98966
186050 183 343 0.533528 -547.513 -2.99188
186100 183 343 0.533528 -546.294 -2.98521
186150 182 343 0.530612 -540.091 -2.96753
186200 182 343 0.530612 -538.128 -2.95675
186250 181 343 0.527697 -530.358 -2.93015
186300 182 343 0.530612 -534.976 -2.93943
186350 186 343 0.542274 -561.495 -3.01879
186400 186 343 0.542274 -558.37 -3.00199
186450 186 343 0.542274 -561.776 -3.0203
186500 186 343 0.542274 -560.903 -3.01561
186550 186 343 0.542274 -564.264 -3.03368
186600 186 343 0.542274 -570.523 -3.06733
186650 185 343 0.539359 -562.563 -3.04088
186700 185 343 0.539359 -567.539 -3.06778
186750 185 343 0.539359 -572.717 -3.09577
186800 184 343 0.536443 -565.462 -3.07316
186850 183 343 0.533528 -566.824 -3.0974
186900 183 343 0.533528 -565.939 -3.09256
186950 183 343 0.533528 -566.643 -3.09641
187000 183 343 0.533528 -563.268 -3.07797
187050 185 343 0.539359 -571.27 -3.08795
187100 186 343 0.542274 -585.278 -3.14666
187150 187 343 0.54519 -590.564 -3.1581
187200 189 343 0.55102 -599.756 -3.17331
187250 188 343 0.548105 -595.15 -3.16569
187300 187 343 0.54519 -590.087 -3.15555
187350 186 343 0.542274 -584.016 -3.13987
187400 184 343 0.536443 -575.227 -3.12623
187450 185 343 0.539359 -577.992 -3.12428
187500 185 343 0.539359 -577.502 -3.12163
187550 186 343 0.542274 -580.224 -3.11948
187600 187 343 0.54519 -575.115 -3.07548
187650 187 343 0.54519 -580.493 -3.10424
187700 187 343 0.54519 -579.836 -3.10073
187750 186 343 0.542274 -575.115 -3.09202
187800 188 343 0.548105 -570.842 -3.03639
187850 187 343 0.54519 -568.901 -3.04225
187900 188 343 0.548105 -582.207 -3.09685
187950 188 343 0.548105 -580.415 -3.08731
188000 189 343 0.55102 -587.377 -3.10781
188050 189 343 0.55102 -591.214 -3.12811
188100 189 343 0.55102 -593.498 -3.1402
188150 190 343 0.553936 -596.717 -3.14061
188200 190 343 0.553936 -593.398 -3.12315
188250 188 343 0.548105 -600.36 -3.19341
188300 187 343 0.54519 -601.515 -3.21666
188350 188 343 0.548105 -601.286 -3.19833
188400 188 343 0.548105 -598.842 -3.18533
188450 188 343 0.548105 -603.525 -3.21024
188500 187 343 0.54519 -597.754 -3.19655
188550 187 343 0.54519 -597.901 -3.19733
188600 186 343 0.542274 -590.681 -3.1757
188650 189 343 0.55102 -603.034 -3.19066
188700 189 343 0.55102 -598.443 -3.16637
188750 189 343 0.55102 -596.642 -3.15684
188800 189 343 0.55102 -599.201 -3.17038
188850 189 343 0.55102 -595.737 -3.15205
188900 191 343 0.556851 -603.725 -3.16086
188950 189 343 0.55102 -593.973 -3.14271
189000 189 343 0.55102 -593.259 -3.13894
189050 191 343 0.556851 -594.381 -3.11194
189100 189 343 0.55102 -589.631 -3.11974
189150 187 343 0.54519 -579.418 -3.09849
189200 188 343 0.548105 -579.424 -3.08204
189250 188 343 0.548105 -579.687 -3.08344
189300 188 343 0.548105 -578.317 -3.07615
189350 188 343 0.548105 -576.349 -3.06569
189400 189 343 0.55102 -569.871 -3.01519
189450 188 343 0.548105 -566.604 -3.01385
189500 187 343 0.54519 -571.016 -3.05356
189550 188 343 0.548105 -572.748 -3.04653
189600 187 343 0.54519 -567.765 -3.03618
189650 185 343 0.539359 -549.499 -2.97026
189700 184 343 0.536443 -541.603 -2.9435
189750 184 343 0.536443 -540.042 -2.93501
189800 183 343 0.533528 -533.265 -2.91402
189850 184 343 0.536443 -545.848 -2.96657
189900 185 343 0.539359 -547.469 -2.95929
189950 183 343 0.533528 -536.412 -2.93121
190000 183 343 0.533528 -536.741 -2.93301
190050 184 343 0.536443 -540.16 -2.93565
190100 186 343 0.542274 -551.158 -2.96322
190150 187 343 0.54519 -556.477 -2.97581
190200 186 343 0.542274 -554.693 -2.98222
190250 185 343 0.539359 -545.26 -2.94735
190300 183 343 0.533528 -539.983 -2.95073
190350 181 343 0.527697 -537.22 -2.96806
190400 183 343 0.533528 -533.861 -2.91728
190450 184 343 0.536443 -542.712 -2.94952
190500 184 343 0.536443 -551.706 -2.9984
190550 186 343 0.542274 -556.429 -2.99156
190600 186 343 0.542274 -570.206 -3.06563
190650 187 343 0.54519 -573.596 -3.06736
190700 187 343 0.54519 -572.864 -3.06344
190750 187 343 0.54519 -566.32 -3.02845
190800 187 343 0.54519 -564.538 -3.01892
190850 188 343 0.548105 -580.397 -3.08722
190900 188 343 0.548105 -578.548 -3.07738
190950 188 343 0.548105 -581.328 -3.09217
191000 189 343 0.55102 -583.392 -3.08673
191050 186 343 0.542274 -568.324 -3.0555
191100 185 343 0.539359 -576.065 -3.11386
191150 184 343 0.536443 -572.802 -3.11305
191200 185 343 0.539359 -576.186 -3.11452
191250 185 343 0.539359 -576.099 -3.11405
191300 187 343 0.54519 -584.449 -3.1254
191350 188 343 0.548105 -584.731 -3.11027
191400 189 343 0.55102 -588.652 -3.11456
191450 188 343 0.548105 -584.872 -3.11102
191500 189 343 0.55102 -591.799 -3.13121
191550 190 343 0.553936 -588.466 -3.09719
191600 188 343 0.548105 -579.86 -3.08436
191650 187 343 0.54519 -577.509 -3.08828
191700 188 343 0.548105 -573.589 -3.05101
191750 187 343 0.54519 -573.849 -3.06871
191800 188 343 0.548105 -574.174 -3.05412
191850 187 343 0.54519 -575.252 -3.07621
191900 186 343 0.542274 -569.204 -3.06024
191950 187 343 0.54519 -572.297 -3.06041
192000 187 343 0.54519 -567.33 -3.03385
192050 186 343 0.542274 -564.867 -3.03692
192100 185 343 0.539359 -557.352 -3.01271
192150 185 343 0.539359 -562.25 -3.03919
192200 185 343 0.539359 -564.658 -3.05221
192250 186 343 0.542274 -568.606 -3.05702
192300 186 343 0.542274 -569.945 -3.06422
192350 187 343 0.54519 -574.265 -3.07094
192400 188 343 0.548105 -576.302 -3.06544
192450 187 343 0.54519 -564.546 -3.01896
192500 187 343 0.54519 -568.338 -3.03924
192550 187 343 0.54519 -569.163 -3.04365
192600 186 343 0.542274 -567.903 -3.05324
192650 187 343 0.54519 -570.869 -3.05277
192700 187 343 0.54519 -570.969 -3.05331
192750 186 343 0.542274 -571.736 -3.07385
192800 186 343 0.542274 -572.469 -3.07779
192850 186 343 0.542274 -569.634 -3.06255
192900 186 343 0.542274 -569.221 -3.06033
192950 186 343 0.542274 -569.293 -3.06072
193000 185 343 0.539359 -565.905 -3.05894
193050 186 343 0.542274 -574.094 -3.08653
193100 187 343 0.54519 -574.942 -3.07456
193150 185 343 0.539359 -562.664 -3.04143
193200 185 343 0.539359 -552.631 -2.98719
193250 185 343 0.539359 -550.808 -2.97734
193300 184 343 0.536443 -549.638 -2.98716
193350 185 343 0.539359 -551.435 -2.98073
193400 184 343 0.536443 -547.052 -2.97311
193450 185 343 0.539359 -557.331 -3.0126
193500 185 343 0.539359 -555.933 -3.00504
193550 185 343 0.539359 -559.638 -3.02507
193600 185 343 0.539359 -560.48 -3.02962
193650 185 343 0.539359 -555.326 -3.00176
193700 184 343 0.536443 -549.328 -2.98548
193750 187 343 0.54519 -566.066 -3.02709
193800 187 343 0.54519 -567.041 -3.03231
193850 186 343 0.542274 -560.255 -3.01212
193900 188 343 0.548105 -572.577 -3.04562
193950 188 343 0.548105 -572.241 -3.04383
194000 188 343 0.548105 -571.628 -3.04057
194050 187 343 0.54519 -572.075 -3.05922
194100 187 343 0.54519 -562.936 -3.01035
194150 187 343 0.54519 -563.846 -3.01522
194200 185 343 0.539359 -557.564 -3.01386
194250 187 343 0.54519 -568.795 -3.04168
194300 187 343 0.54519 -567.358 -3.034
194350 188 343 0.548105 -573.656 -3.05136
194400 189 343 0.55102 -577.957 -3.05797
194450 189 343 0.55102 -581.751 -3.07805
194500 190 343 0.553936 -591.255 -3.11187
194550 190 343 0.553936 -591.22 -3.11168
194600 191 343 0.556851 -597.943 -3.13059
194650 193 343 0.562682 -598.201 -3.09949
194700 194 343 0.565598 -604.264 -3.11476
194750 193 343 0.562682 -599.003 -3.10364
194800 193 343 0.562682 -589.874 -3.05634
194850 193 343 0.562682 -604.523 -3.13224
194900 193 343 0.562682 -596.733 -3.09188
194950 193 343 0.562682 -599.41 -3.10575
195000 191 343 0.556851 -592.885 -3.10411
195050 191 343 0.556851 -593.293 -3.10625
195100 189 343 0.55102 -589.086 -3.11686
195150 188 343 0.548105 -585.234 -3.11295
195200 188 343 0.548105 -589.521 -3.13575
195250 190 343 0.553936 -590.412 -3.10743
195300 189 343 0.55102 -590.94 -3.12667
195350 189 343 0.55102 -597.3 -3.16032
195400 187 343 0.54519 -584.715 -3.12682
195450 188 343 0.548105 -591.5 -3.14628
195500 189 343 0.55102 -601.508 -3.18258
195550 191 343 0.556851 -609.931 -3.19335
195600 191 343 0.556851 -612.693 -3.20782
195650 190 343 0.553936 -604.511 -3.18163
195700 189 343 0.55102 -598.945 -3.16902
195750 190 343 0.553936 -601.392 -3.16522
195800 188 343 0.548105 -593.197 -3.1553
195850 188 343 0.548105 -590.328 -3.14004
195900 189 343 0.55102 -592.534 -3.1351
195950 189 343 0.55102 -590.705 -3.12542
196000 189 343 0.55102 -593.104 -3.13812
196050 189 343 0.55102 -589.743 -3.12033
196100 189 343 0.55102 -594.335 -3.14463
196150 189 343 0.55102 -599.563 -3.17229
196200 189 343 0.55102 -602.005 -3.18521
196250 188 343 0.548105 -596.859 -3.17478
196300 188 343 0.548105 -594.771 -3.16368
196350 189 343 0.55102 -599.897 -3.17406
196400 189 343 0.55102 -605.033 -3.20123
196450 190 343 0.553936 -608.479 -3.20252
196500 188 343 0.548105 -603.584 -3.21055
196550 190 343 0.553936 -607.732 -3.19859
196600 190 343 0.553936 -606.397 -3.19156
196650 191 343 0.556851 -593.434 -3.10698
196700 191 343 0.556851 -595.24 -3.11644
196750 190 343 0.553936 -591.98 -3.11568
196800 190 343 0.553936 -591.629 -3.11384
196850 190 343 0.553936 -595.525 -3.13434
196900 192 343 0.559767 -601.834 -3.13455
196950 192 343 0.559767 -602.658 -3.13885
197000 192 343 0.559767 -609.44 -3.17417
197050 193 343 0.562682 -611.198 -3.16683
197100 194 343 0.565598 -619.829 -3.19499
197150 194 343 0.565598 -616.894 -3.17987
197200 195 343 0.568513 -624.962 -3.20493
197250 195 343 0.568513 -629.427 -3.22783
197300 196 343 0.571429 -635.827 -3.24402
197350 197 343 0.574344 -632.597 -3.21115
197400 197 343 0.574344 -631.817 -3.20719
197450 197 343 0.574344 -630.269 -3.19933
197500 199 343 0.580175 -634.001 -3.18593
197550 200 343 0.58309 -639.661 -3.1983
197600 198 343 0.577259 -632.236 -3.19311
197650 197 343 0.574344 -628.956 -3.19267
197700 199 343 0.580175 -628.131 -3.15644
197750 198 343 0.577259 -623.587 -3.14943
197800 199 343 0.580175 -623.307 -3.13219
197850 198 343 0.577259 -618.738 -3.12494
197900 197 343 0.574344 -610.831 -3.10066
197950 196 343 0.571429 -612.338 -3.12418
198000 195 343 0.568513 -612.796 -3.14254
198050 195 343 0.568513 -615.194 -3.15484
198100 194 343 0.565598 -613.38 -3.16175
198150 195 343 0.568513 -614.197 -3.14973
198200 195 343 0.568513 -613.662 -3.14699
198250 196 343 0.571429 -617.663 -3.15134
198300 194 343 0.565598 -608.581 -3.13701
198350 193 343 0.562682 -605.063 -3.13504
198400 194 343 0.565598 -600.864 -3.09724
198450 192 343 0.559767 -593.867 -3.09305
198500 192 343 0.559767 -591.991 -3.08329
198550 192 343 0.559767 -589.006 -3.06774
198600 191 343 0.556851 -579.04 -3.03163
198650 189 343 0.55102 -569.702 -3.0143
198700 188 343 0.548105 -557.147 -2.96355
198750 187 343 0.54519 -561.497 -3.00266
198800 188 343 0.548105 -558.778 -2.97222
198850 188 343 0.548105 -568.817 -3.02562
198900 188 343 0.548105 -571.634 -3.0406
198950 186 343 0.542274 -567.759 -3.05247
199000 186 343 0.542274 -567.799 -3.05268
199050 187 343 0.54519 -576.893 -3.08499
199100 187 343 0.54519 -579.209 -3.09738
199150 188 343 0.548105 -580.235 -3.08636
199200 186 343 0.542274 -575.932 -3.09641
199250 187 343 0.54519 -583.365 -3.1196
199300 183 343 0.533528 -559.638 -3.05813
199350 184 343 0.536443 -566.571 -3.07919
199400 183 343 0.533528 -556.629 -3.04169
199450 184 343 0.536443 -559.914 -3.04301
199500 184 343 0.536443 -562.041 -3.05457
199550 183 343 0.533528 -562.219 -3.07224
199600 186 343 0.542274 -578.069 -3.1079
199650 186 343 0.542274 -571.856 -3.0745
199700 185 343 0.539359 -571.697 -3.09025
199750 185 343 0.539359 -574.221 -3.1039
199800 185 343 0.539359 -574.528 -3.10556
199850 182 343 0.530612 -562.845 -3.09255
199900 184 343 0.536443 -568.792 -3.09126
199950 183 343 0.533528 -563.842 -3.0811
200000 184 343 0.536443 -567.838 -3.08607
200050 184 343 0.536443 -577.167 -3.13677
200100 183 343 0.533528 -568.82 -3.10831
200150 182 343 0.530612 -563.105 -3.09398
200200 180 343 0.524781 -565.421 -3.14123
200250 180 343 0.524781 -563.282 -3.12935
200300 182 343 0.530612 -571.403 -3.13958
200350 182 343 0.530612 -570.864 -3.13662
200400 184 343 0.536443 -575.989 -3.13038
200450 185 343 0.539359 -582.557 -3.14895
200500 183 343 0.533528 -575.749 -3.14617
200550 184 343 0.536443 -572.843 -3.11328
200600 184 343 0.536443 -568.064 -3.08731
200650 183 343 0.533528 -566.971 -3.0982
200700 182 343 0.530612 -560.866 -3.08168
200750 180 343 0.524781 -548.744 -3.04858
200800 178 343 0.51895 -544.063 -3.05653
200850 178 343 0.51895 -541.188 -3.04038
200900 179 343 0.521866 -541.695 -3.02623
200950 178 343 0.51895 -539.364 -3.03013
201000 177 343 0.516035 -540.343 -3.05278
201050 178 343 0.51895 -544.694 -3.06008
201100 177 343 0.516035 -542.156 -3.06303
201150 177 343 0.516035 -540.471 -3.05351
201200 177 343 0.516035 -536.665 -3.03201
201250 176 343 0.51312 -520.796 -2.95907
201300 177 343 0.516035 -520.555 -2.94099
201350 178 343 0.51895 -522.583 -2.93586
201400 178 343 0.51895 -522.828 -2.93723
201450 177 343 0.516035 -517.552 -2.92402
201500 175 343 0.510204 -511.528 -2.92302
201550 174 343 0.507289 -512.497 -2.94538
201600 172 343 0.501458 -500.547 -2.91016
201650 172 343 0.501458 -503.941 -2.92989
201700 176 343 0.51312 -523.108 -2.97221
201750 179 343 0.521866 -520.462 -2.90761
201800 178 343 0.51895 -510.674 -2.86895
201850 178 343 0.51895 -509.745 -2.86374
201900 178 343 0.51895 -514.573 -2.89086
201950 179 343 0.521866 -517.673 -2.89203
202000 179 343 0.521866 -521.456 -2.91316
202050 183 343 0.533528 -535.589 -2.92672
202100 182 343 0.530612 -529.889 -2.91148
202150 181 343 0.527697 -522.468 -2.88656
202200 181 343 0.527697 -524.283 -2.89659
202250 184 343 0.536443 -540.825 -2.93927
202300 184 343 0.536443 -536.407 -2.91526
202350 185 343 0.539359 -539.705 -2.91732
202400 185 343 0.539359 -532.145 -2.87646
202450 185 343 0.539359 -540.522 -2.92174
202500 185 343 0.539359 -540.681 -2.9226
202550 183 343 0.533528 -531.678 -2.90535
202600 183 343 0.533528 -532.872 -2.91187
202650 184 343 0.536443 -539.377 -2.9314
202700 184 343 0.536443 -542.568 -2.94874
202750 184 343 0.536443 -539.864 -2.93404
202800 185 343 0.539359 -540.698 -2.92269
202850 185 343 0.539359 -543.196 -2.9362
202900 185 343 0.539359 -549.244 -2.96889
202950 185 343 0.539359 -545.059 -2.94627
203000 185 343 0.539359 -552.855 -2.98841
203050 185 343 0.539359 -553.88 -2.99394
203100 184 343 0.536443 -546.134 -2.96812
203150 184 343 0.536443 -541.795 -2.94454
203200 186 343 0.542274 -539.001 -2.89785
203250 185 343 0.539359 -546.91 -2.95627
203300 186 343 0.542274 -552.476 -2.9703
203350 185 343 0.539359 -552.93 -2.98881
203400 184 343 0.536443 -552.375 -3.00204
203450 184 343 0.536443 -554.741 -3.01489
203500 183 343 0.533528 -553.954 -3.02707
203550 185 343 0.539359 -560.543 -3.02996
203600 184 343 0.536443 -554.123 -3.01154
203650 184 343 0.536443 -554.004 -3.01089
203700 186 343 0.542274 -557.736 -2.99858
203750 185 343 0.539359 -548.359 -2.9641
203800 186 343 0.542274 -554.576 -2.98159
203850 188 343 0.548105 -564.64 -3.0034
203900 186 343 0.542274 -561.465 -3.01863
203950 186 343 0.542274 -566.041 -3.04323
204000 186 343 0.542274 -568.841 -3.05829
204050 186 343 0.542274 -569.177 -3.06009
204100 186 343 0.542274 -564.991 -3.03759
204150 187 343 0.54519 -561.894 -3.00478
204200 186 343 0.542274 -554.309 -2.98016
204250 185 343 0.539359 -558.429 -3.01853
204300 185 343 0.539359 -554.404 -2.99678
204350 184 343 0.536443 -545.941 -2.96707
204400 184 343 0.536443 -546.911 -2.97234
204450 186 343 0.542274 -557.368 -2.9966
204500 183 343 0.533528 -547.962 -2.99433
204550 183 343 0.533528 -554.445 -3.02975
204600 182 343 0.530612 -550.823 -3.0265
204650 181 343 0.527697 -544.724 -3.00953
204700 181 343 0.527697 -542.014 -2.99455
204750 181 343 0.527697 -539.496 -2.98064
204800 182 343 0.530612 -538.266 -2.95751
204850 184 343 0.536443 -551.94 -2.99967
204900 185 343 0.539359 -558.372 -3.01823
204950 184 343 0.536443 -560.951 -3.04865
205000 185 343 0.539359 -563.989 -3.04859
205050 188 343 0.548105 -572.241 -3.04384
205100 187 343 0.54519 -566.905 -3.03158
205150 185 343 0.539359 -556.755 -3.00948
205200 186 343 0.542274 -562.184 -3.02249
205250 186 343 0.542274 -559.403 -3.00754
205300 186 343 0.542274 -558.171 -3.00092
205350 186 343 0.542274 -564.561 -3.03527
205400 186 343 0.542274 -565.257 -3.03902
205450 188 343 0.548105 -567.278 -3.01743
205500 186 343 0.542274 -561.356 -3.01804
205550 185 343 0.539359 -549.5 -2.97027
205600 184 343 0.536443 -544.132 -2.95724
205650 183 343 0.533528 -544.721 -2.97662
205700 184 343 0.536443 -545.256 -2.96335
205750 184 343 0.536443 -551.251 -2.99593
205800 183 343 0.533528 -544.696 -2.97648
205850 184 343 0.536443 -544.568 -2.95961
205900 185 343 0.539359 -548.058 -2.96248
205950 186 343 0.542274 -556.893 -2.99405
206000 185 343 0.539359 -551.45 -2.98081
206050 185 343 0.539359 -548.295 -2.96376
206100 185 343 0.539359 -545.119 -2.94659
206150 185 343 0.539359 -545.932 -2.95098
206200 186 343 0.542274 -550.343 -2.95884
206250 187 343 0.54519 -559.566 -2.99233
206300 185 343 0.539359 -555.555 -3.003
206350 185 343 0.539359 -569.195 -3.07673
206400 185 343 0.539359 -562.867 -3.04253
206450 184 343 0.536443 -563.038 -3.05999
206500 187 343 0.54519 -574.189 -3.07053
206550 188 343 0.548105 -583.977 -3.10626
206600 189 343 0.55102 -593.877 -3.1422
206650 189 343 0.55102 -591.055 -3.12727
206700 190 343 0.553936 -595.553 -3.13449
206750 190 343 0.553936 -595.133 -3.13228
206800 190 343 0.553936 -584.2 -3.07474
206850 191 343 0.556851 -580.46 -3.03906
206900 191 343 0.556851 -579.963 -3.03646
206950 190 343 0.553936 -582.263 -3.06454
207000 191 343 0.556851 -587.883 -3.07792
207050 191 343 0.556851 -591.01 -3.09429
207100 191 343 0.556851 -591.142 -3.09499
207150 191 343 0.556851 -594.239 -3.1112
207200 190 343 0.553936 -591.927 -3.1154
207250 188 343 0.548105 -587.029 -3.12249
207300 188 343 0.548105 -592.226 -3.15014
207350 187 343 0.54519 -591.878 -3.16512
207400 187 343 0.54519 -585.468 -3.13085
207450 187 343 0.54519 -581.721 -3.11081
207500 188 343 0.548105 -593.526 -3.15706
207550 187 343 0.54519 -590.049 -3.15534
207600 187 343 0.54519 -580.652 -3.10509
207650 187 343 0.54519 -578.641 -3.09433
207700 189 343 0.55102 -585.798 -3.09946
207750 188 343 0.548105 -577.145 -3.06992
207800 186 343 0.542274 -553.262 -2.97453
207850 185 343 0.539359 -558.863 -3.02088
207900 189 343 0.55102 -576.135 -3.04833
207950 189 343 0.55102 -571.374 -3.02314
208000 188 343 0.548105 -569.001 -3.0266
208050 188 343 0.548105 -576.566 -3.06684
208100 188 343 0.548105 -571.943 -3.04225
208150 188 343 0.548105 -565.099 -3.00585
208200 188 343 0.548105 -561.806 -2.98833
208250 188 343 0.548105 -562.082 -2.9898
208300 189 343 0.55102 -564.584 -2.98722
208350 187 343 0.54519 -556.554 -2.97623
208400 187 343 0.54519 -559.609 -2.99256
208450 186 343 0.542274 -560.67 -3.01436
208500 187 343 0.54519 -559.496 -2.99196
208550 188 343 0.548105 -565.847 -3.00982
208600 188 343 0.548105 -565.492 -3.00794
208650 189 343 0.55102 -568.766 -3.00934
208700 188 343 0.548105 -564.721 -3.00384
208750 187 343 0.54519 -556.266 -2.97469
208800 188 343 0.548105 -562.971 -2.99453
208850 189 343 0.55102 -578.168 -3.05909
208900 188 343 0.548105 -569.537 -3.02945
208950 189 343 0.55102 -574.614 -3.04028
209000 190 343 0.553936 -575.971 -3.03143
209050 189 343 0.55102 -566.662 -2.99821
209100 189 343 0.55102 -566.166 -2.99559
209150 190 343 0.553936 -568.184 -2.99044
209200 190 343 0.553936 -561.389 -2.95468
209250 188 343 0.548105 -555.484 -2.9547
209300 188 343 0.548105 -556.051 -2.95772
209350 186 343 0.542274 -546.874 -2.94018
209400 185 343 0.539359 -545.836 -2.95047
209450 185 343 0.539359 -545.828 -2.95042
209500 183 343 0.533528 -538.168 -2.94081
209550 183 343 0.533528 -536.874 -2.93374
209600 182 343 0.530612 -536.942 -2.95023
209650 183 343 0.533528 -540.79 -2.95514
209700 185 343 0.539359 -549.796 -2.97187
209750 185 343 0.539359 -550.187 -2.97398
209800 183 343 0.533528 -539.072 -2.94575
209850 181 343 0.527697 -531.717 -2.93766
209900 180 343 0.524781 -526.136 -2.92298
209950 179 343 0.521866 -521.08 -2.91106
210000 179 343 0.521866 -517.075 -2.88869
210050 179 343 0.521866 -519.983 -2.90493
210100 179 343 0.521866 -521.997 -2.91618
210150 177 343 0.516035 -504.545 -2.85054
210200 177 343 0.516035 -500.038 -2.82508
210250 177 343 0.516035 -499.177 -2.82021
210300 176 343 0.51312 -498.006 -2.82958
210350 176 343 0.51312 -505.79 -2.87381
210400 175 343 0.510204 -496.876 -2.83929
210450 178 343 0.51895 -499.9 -2.80842
210500 178 343 0.51895 -500.643 -2.8126
210550 180 343 0.524781 -512.172 -2.8454
210600 180 343 0.524781 -517.941 -2.87745
210650 179 343 0.521866 -514.155 -2.87238
210700 177 343 0.516035 -502.148 -2.83699
210750 176 343 0.51312 -498.391 -2.83177
210800 175 343 0.510204 -492.548 -2.81456
210850 173 343 0.504373 -484.87 -2.80272
210900 175 343 0.510204 -494.668 -2.82668
210950 175 343 0.510204 -496.492 -2.8371
211000 175 343 0.510204 -493.458 -2.81976
211050 175 343 0.510204 -493.435 -2.81963
211100 175 343 0.510204 -495.165 -2.82952
211150 176 343 0.51312 -492.932 -2.80075
211200 178 343 0.51895 -503.874 -2.83075
211250 178 343 0.51895 -495.879 -2.78584
211300 178 343 0.51895 -498.549 -2.80084
211350 179 343 0.521866 -494.836 -2.76445
211400 178 343 0.51895 -497.747 -2.79633
211450 179 343 0.521866 -499.514 -2.79058
211500 179 343 0.521866 -504.858 -2.82043
211550 179 343 0.521866 -501.814 -2.80343
211600 180 343 0.524781 -509.368 -2.82982
211650 180 343 0.524781 -520.14 -2.88966
211700 181 343 0.527697 -522.862 -2.88874
211750 181 343 0.527697 -527.449 -2.91408
211800 179 343 0.521866 -523.851 -2.92654
211850 178 343 0.51895 -519.456 -2.91829
211900 178 343 0.51895 -515.717 -2.89729
211950 178 343 0.51895 -511.393 -2.87299
212000 177 343 0.516035 -503.577 -2.84507
212050 177 343 0.516035 -499.809 -2.82378
212100 178 343 0.51895 -507.376 -2.85043
212150 178 343 0.51895 -504.111 -2.83209
212200 180 343 0.524781 -510.896 -2.83831
212250 179 343 0.521866 -506.479 -2.82949
212300 179 343 0.521866 -511.899 -2.85977
212350 180 343 0.524781 -510.209 -2.8345
212400 178 343 0.51895 -494.041 -2.77551
212450 176 343 0.51312 -485.858 -2.76056
212500 176 343 0.51312 -488.524 -2.7757
212550 177 343 0.516035 -498.369 -2.81565
212600 177 343 0.516035 -503.573 -2.84504
212650 179 343 0.521866 -505.317 -2.823
212700 178 343 0.51895 -511.509 -2.87365
212750 178 343 0.51895 -513.593 -2.88536
212800 178 343 0.51895 -511.627 -2.87431
212850 180 343 0.524781 -524.873 -2.91596
212900 182 343 0.530612 -533.63 -2.93204
212950 182 343 0.530612 -526.694 -2.89392
213000 182 343 0.530612 -528.613 -2.90447
213050 183 343 0.533528 -538.639 -2.94338
213100 184 343 0.536443 -545.774 -2.96616
213150 185 343 0.539359 -552.898 -2.98864
213200 184 343 0.536443 -547.209 -2.97396
213250 184 343 0.536443 -549.428 -2.98602
213300 184 343 0.536443 -553.535 -3.00834
213350 183 343 0.533528 -555.264 -3.03423
213400 184 343 0.536443 -551.282 -2.9961
213450 185 343 0.539359 -554.766 -2.99873
213500 185 343 0.539359 -555.937 -3.00506
213550 182 343 0.530612 -548.861 -3.01572
213600 183 343 0.533528 -550.387 -3.00758
213650 183 343 0.533528 -551.509 -3.01371
213700 183 343 0.533528 -550.275 -3.00697
213750 186 343 0.542274 -562.13 -3.02221
213800 185 343 0.539359 -555.804 -3.00435
213850 186 343 0.542274 -559.981 -3.01065
213900 183 343 0.533528 -543.598 -2.97048
213950 181 343 0.527697 -535.238 -2.95712
214000 181 343 0.527697 -532.545 -2.94224
214050 181 343 0.527697 -537.836 -2.97147
214100 182 343 0.530612 -536.288 -2.94664
214150 181 343 0.527697 -528.814 -2.92163
214200 182 343 0.530612 -537.721 -2.95451
214250 183 343 0.533528 -547.938 -2.99419
214300 184 343 0.536443 -557.435 -3.02954
214350 184 343 0.536443 -555.273 -3.01779
214400 185 343 0.539359 -557.278 -3.01231
214450 186 343 0.542274 -562.815 -3.02589
214500 185 343 0.539359 -554.953 -2.99975
214550 183 343 0.533528 -543.982 -2.97258
214600 182 343 0.530612 -536.378 -2.94713
214650 182 343 0.530612 -536.276 -2.94657
214700 182 343 0.530612 -533.11 -2.92918
214750 182 343 0.530612 -534.379 -2.93615
214800 182 343 0.530612 -536.24 -2.94637
214850 183 343 0.533528 -545.021 -2.97825
214900 182 343 0.530612 -536.443 -2.94749
214950 182 343 0.530612 -534.188 -2.9351
215000 181 343 0.527697 -526.577 -2.90926
215050 180 343 0.524781 -527.213 -2.92896
215100 182 343 0.530612 -537.202 -2.95166
215150 182 343 0.530612 -534.914 -2.93909
215200 182 343 0.530612 -531.535 -2.92052
215250 182 343 0.530612 -528.998 -2.90658
215300 182 343 0.530612 -531.073 -2.91799
215350 184 343 0.536443 -538.112 -2.92452
215400 186 343 0.542274 -549.385 -2.95368
215450 186 343 0.542274 -548.697 -2.94998
215500 185 343 0.539359 -543.675 -2.93878
215550 183 343 0.533528 -533.579 -2.91573
215600 183 343 0.533528 -539.1 -2.9459
215650 184 343 0.536443 -543.372 -2.95311
215700 183 343 0.533528 -540.612 -2.95416
215750 182 343 0.530612 -540.133 -2.96777
215800 185 343 0.539359 -553.514 -2.99197
215850 183 343 0.533528 -540.521 -2.95367
215900 183 343 0.533528 -543.535 -2.97014
215950 183 343 0.533528 -543.031 -2.96738
216000 183 343 0.533528 -544.903 -2.97761
216050 184 343 0.536443 -550.534 -2.99203
216100 183 343 0.533528 -541.619 -2.95967
216150 183 343 0.533528 -541.372 -2.95832
216200 184 343 0.536443 -550.399 -2.9913
216250 183 343 0.533528 -544.385 -2.97478
216300 183 343 0.533528 -542.76 -2.9659
216350 183 343 0.533528 -539.783 -2.94963
216400 183 343 0.533528 -538.051 -2.94017
216450 182 343 0.530612 -539.762 -2.96573
216500 182 343 0.530612 -534.75 -2.93819
216550 182 343 0.530612 -533.325 -2.93036
216600 181 343 0.527697 -528.936 -2.9223
216650 181 343 0.527697 -531.16 -2.93459
216700 183 343 0.533528 -544.262 -2.97411
216750 182 343 0.530612 -538.278 -2.95757
216800 183 343 0.533528 -537.593 -2.93767
216850 182 343 0.530612 -531.949 -2.92279
216900 181 343 0.527697 -532.39 -2.94138
216950 181 343 0.527697 -526.486 -2.90876
217000 181 343 0.527697 -523.398 -2.8917
217050 181 343 0.527697 -527.125 -2.91229
217100 181 343 0.527697 -523.336 -2.89136
217150 181 343 0.527697 -521.488 -2.88115
217200 181 343 0.527697 -517.404 -2.85859
217250 181 343 0.527697 -523.32 -2.89127
217300 181 343 0.527697 -526.972 -2.91145
217350 179 343 0.521866 -523.235 -2.9231
217400 178 343 0.51895 -521.515 -2.92986
217450 180 343 0.524781 -531.163 -2.9509
217500 180 343 0.524781 -531.207 -2.95115
217550 181 343 0.527697 -537.373 -2.96891
217600 179 343 0.521866 -531.611 -2.96989
217650 179 343 0.521866 -530.534 -2.96388
217700 179 343 0.521866 -532.136 -2.97283
217750 181 343 0.527697 -531.96 -2.939
217800 182 343 0.530612 -534.508 -2.93686
217850 182 343 0.530612 -534.668 -2.93773
217900 182 343 0.530612 -535.188 -2.94059
217950 181 343 0.527697 -537.444 -2.96931
218000 180 343 0.524781 -540.599 -3.00333
218050 183 343 0.533528 -550.697 -3.00927
218100 185 343 0.539359 -557.677 -3.01447
218150 185 343 0.539359 -546.524 -2.95418
218200 184 343 0.536443 -543.147 -2.95188
218250 183 343 0.533528 -545.616 -2.98151
218300 182 343 0.530612 -535.64 -2.94308
218350 182 343 0.530612 -534.193 -2.93513
218400 183 343 0.533528 -540.696 -2.95462
218450 187 343 0.54519 -555.952 -2.97301
218500 185 343 0.539359 -559.528 -3.02448
218550 185 343 0.539359 -551.734 -2.98235
218600 185 343 0.539359 -547.535 -2.95965
218650 185 343 0.539359 -555.836 -3.00452
218700 186 343 0.542274 -550.422 -2.95926
218750 188 343 0.548105 -568.469 -3.02377
218800 191 343 0.556851 -583.695 -3.056
218850 192 343 0.559767 -589.661 -3.07115
218900 192 343 0.559767 -593.098 -3.08905
218950 192 343 0.559767 -590.849 -3.07734
219000 193 343 0.562682 -599.845 -3.108
219050 193 343 0.562682 -608.813 -3.15447
219100 193 343 0.562682 -613.692 -3.17975
219150 193 343 0.562682 -603.241 -3.1256
219200 194 343 0.565598 -611.808 -3.15365
219250 192 343 0.559767 -599.954 -3.12476
219300 192 343 0.559767 -594.769 -3.09776
219350 190 343 0.553936 -583.032 -3.06859
219400 189 343 0.55102 -577.338 -3.0547
219450 189 343 0.55102 -579.199 -3.06455
219500 188 343 0.548105 -575.814 -3.06284
219550 187 343 0.54519 -575.452 -3.07728
219600 186 343 0.542274 -568.49 -3.0564
219650 187 343 0.54519 -569.971 -3.04797
219700 187 343 0.54519 -561.495 -3.00265
219750 187 343 0.54519 -559.453 -2.99173
219800 186 343 0.542274 -559.234 -3.00663
219850 186 343 0.542274 -566.555 -3.046
219900 186 343 0.542274 -569.696 -3.06288
219950 186 343 0.542274 -568.125 -3.05444
220000 184 343 0.536443 -571.349 -3.10516
220050 184 343 0.536443 -565.01 -3.07071
220100 187 343 0.54519 -588.281 -3.14589
220150 187 343 0.54519 -584.116 -3.12362
220200 187 343 0.54519 -576.036 -3.08041
220250 188 343 0.548105 -581.433 -3.09273
220300 186 343 0.542274 -577.047 -3.10241
220350 187 343 0.54519 -581.207 -3.10806
220400 188 343 0.548105 -583.061 -3.10139
220450 187 343 0.54519 -579.263 -3.09766
220500 185 343 0.539359 -571.031 -3.08666
220550 185 343 0.539359 -566.897 -3.06431
220600 183 343 0.533528 -548.822 -2.99903
220650 183 343 0.533528 -548.483 -2.99718
220700 183 343 0.533528 -549.666 -3.00364
220750 184 343 0.536443 -558.744 -3.03665
220800 186 343 0.542274 -559.169 -3.00628
220850 186 343 0.542274 -561.633 -3.01953
220900 186 343 0.542274 -555.757 -2.98794
220950 186 343 0.542274 -555.342 -2.98571
221000 188 343 0.548105 -564.923 -3.00491
221050 186 343 0.542274 -560.507 -3.01348
221100 186 343 0.542274 -571.896 -3.07471
221150 186 343 0.542274 -563.298 -3.02848
221200 186 343 0.542274 -566.842 -3.04754
221250 184 343 0.536443 -542.462 -2.94816
221300 182 343 0.530612 -540.416 -2.96932
221350 184 343 0.536443 -544.007 -2.95656
221400 183 343 0.533528 -540.109 -2.95142
221450 183 343 0.533528 -531.46 -2.90415
221500 185 343 0.539359 -540.903 -2.9238
221550 186 343 0.542274 -548.72 -2.95011
221600 185 343 0.539359 -545.014 -2.94602
221650 185 343 0.539359 -541.96 -2.92951
221700 186 343 0.542274 -544.171 -2.92565
221750 186 343 0.542274 -550.763 -2.96109
221800 185 343 0.539359 -539.594 -2.91672
221850 184 343 0.536443 -546.758 -2.97151
221900 185 343 0.539359 -553.369 -2.99118
221950 185 343 0.539359 -547.524 -2.95959
222000 185 343 0.539359 -548.996 -2.96754
222050 186 343 0.542274 -561.34 -3.01795
222100 186 343 0.542274 -563.135 -3.02761
222150 185 343 0.539359 -560.347 -3.0289
222200 186 343 0.542274 -566.753 -3.04706
222250 186 343 0.542274 -566.509 -3.04575
222300 187 343 0.54519 -570.142 -3.04889
222350 186 343 0.542274 -565.464 -3.04013
222400 186 343 0.542274 -561.141 -3.01689
222450 185 343 0.539359 -564.189 -3.04967
222500 185 343 0.539359 -566.024 -3.05959
222550 184 343 0.536443 -562.575 -3.05747
222600 183 343 0.533528 -553.246 -3.0232
222650 186 343 0.542274 -557.85 -2.99919
222700 187 343 0.54519 -561.593 -3.00317
222750 187 343 0.54519 -564.387 -3.01811
222800 186 343 0.542274 -557.663 -2.99819
222850 185 343 0.539359 -548.42 -2.96443
222900 185 343 0.539359 -547.071 -2.95714
222950 184 343 0.536443 -541.658 -2.9438
223000 184 343 0.536443 -535.826 -2.9121
223050 185 343 0.539359 -538.803 -2.91245
223100 185 343 0.539359 -540.588 -2.9221
223150 183 343 0.533528 -537.668 -2.93808
223200 187 343 0.54519 -546.425 -2.92206
223250 187 343 0.54519 -550.728 -2.94507
223300 185 343 0.539359 -543.983 -2.94045
223350 184 343 0.536443 -540.57 -2.93788
223400 184 343 0.536443 -540.472 -2.93735
223450 185 343 0.539359 -544.375 -2.94257
223500 184 343 0.536443 -542.825 -2.95014
223550 186 343 0.542274 -553.411 -2.97533
223600 185 343 0.539359 -553.962 -2.99439
223650 185 343 0.539359 -552.715 -2.98765
223700 185 343 0.539359 -556.148 -3.0062
223750 185 343 0.539359 -561.618 -3.03578
223800 186 343 0.542274 -567.813 -3.05276
223850 185 343 0.539359 -562.507 -3.04058
223900 185 343 0.539359 -560.335 -3.02884
223950 186 343 0.542274 -567.635 -3.0518
224000 186 343 0.542274 -567.189 -3.0494
224050 187 343 0.54519 -572.334 -3.06061
224100 185 343 0.539359 -565.641 -3.05752
224150 185 343 0.539359 -563.177 -3.0442
224200 186 343 0.542274 -562.895 -3.02632
224250 186 343 0.542274 -560.781 -3.01495
224300 184 343 0.536443 -548.484 -2.98089
224350 185 343 0.539359 -553.252 -2.99055
224400 185 343 0.539359 -554.146 -2.99539
224450 185 343 0.539359 -563.169 -3.04416
224500 183 343 0.533528 -562.795 -3.07538
224550 185 343 0.539359 -570.753 -3.08515
224600 185 343 0.539359 -572.66 -3.09546
224650 186 343 0.542274 -572.026 -3.07541
224700 186 343 0.542274 -566.466 -3.04552
224750 187 343 0.54519 -573.264 -3.06558
224800 189 343 0.55102 -583.315 -3.08632
224850 189 343 0.55102 -586.783 -3.10467
224900 191 343 0.556851 -599.642 -3.13948
224950 191 343 0.556851 -599.87 -3.14068
225000 191 343 0.556851 -601.659 -3.15005
225050 192 343 0.559767 -602.565 -3.13836
225100 192 343 0.559767 -600.817 -3.12926
225150 191 343 0.556851 -594.436 -3.11223
225200 191 343 0.556851 -599.479 -3.13864
225250 191 343 0.556851 -601.724 -3.15039
225300 192 343 0.559767 -607.998 -3.16666
225350 192 343 0.559767 -611.658 -3.18572
225400 193 343 0.562682 -616.854 -3.19614
225450 192 343 0.559767 -609.124 -3.17252
225500 192 343 0.559767 -611.972 -3.18735
225550 193 343 0.562682 -618.766 -3.20604
225600 193 343 0.562682 -616.936 -3.19656
225650 191 343 0.556851 -612.582 -3.20724
225700 192 343 0.559767 -616.518 -3.21103
225750 193 343 0.562682 -610.826 -3.1649
225800 192 343 0.559767 -611.924 -3.1871
225850 193 343 0.562682 -615.765 -3.19049
225900 194 343 0.565598 -620.393 -3.1979
225950 194 343 0.565598 -612.149 -3.15541
226000 195 343 0.568513 -613.858 -3.14799
226050 195 343 0.568513 -620.632 -3.18273
226100 196 343 0.571429 -631.25 -3.22066
226150 196 343 0.571429 -625.761 -3.19266
226200 196 343 0.571429 -623.832 -3.18282
226250 196 343 0.571429 -617.336 -3.14967
226300 196 343 0.571429 -616.468 -3.14525
226350 195 343 0.568513 -612.915 -3.14315
226400 194 343 0.565598 -610.049 -3.14459
226450 195 343 0.568513 -610.58 -3.13118
226500 194 343 0.565598 -605.644 -3.12188
226550 193 343 0.562682 -594.597 -3.08081
226600 193 343 0.562682 -598.333 -3.10017
226650 191 343 0.556851 -597.254 -3.12698
226700 191 343 0.556851 -601.417 -3.14878
226750 193 343 0.562682 -617.092 -3.19737
226800 193 343 0.562682 -609.707 -3.1591
226850 193 343 0.562682 -609.028 -3.15559
226900 192 343 0.559767 -601.178 -3.13114
226950 191 343 0.556851 -603.254 -3.1584
227000 192 343 0.559767 -605.816 -3.15529
227050 192 343 0.559767 -604.11 -3.14641
227100 191 343 0.556851 -611.723 -3.20274
227150 191 343 0.556851 -612.301 -3.20576
227200 190 343 0.553936 -609.596 -3.2084
227250 190 343 0.553936 -609.488 -3.20783
227300 193 343 0.562682 -619.297 -3.20879
227350 191 343 0.556851 -608.558 -3.18617
227400 191 343 0.556851 -606.484 -3.17531
227450 190 343 0.553936 -599.786 -3.15677
227500 190 343 0.553936 -607.232 -3.19596
227550 187 343 0.54519 -593.674 -3.17473
227600 185 343 0.539359 -584.958 -3.16193
227650 184 343 0.536443 -575.756 -3.12911
227700 183 343 0.533528 -570.676 -3.11845
227750 184 343 0.536443 -573.998 -3.11955
227800 184 343 0.536443 -574.862 -3.12425
227850 184 343 0.536443 -571.651 -3.1068
227900 184 343 0.536443 -573.454 -3.1166
227950 184 343 0.536443 -577.251 -3.13723
228000 184 343 0.536443 -579.639 -3.15021
228050 186 343 0.542274 -586.614 -3.15384
228100 186 343 0.542274 -587.174 -3.15685
228150 187 343 0.54519 -590.213 -3.15622
228200 188 343 0.548105 -595.658 -3.16839
228250 188 343 0.548105 -595.165 -3.16577
228300 189 343 0.55102 -600.17 -3.1755
228350 188 343 0.548105 -600.765 -3.19556
228400 187 343 0.54519 -597.399 -3.19465
228450 186 343 0.542274 -591.914 -3.18233
228500 182 343 0.530612 -559.823 -3.07595
228550 182 343 0.530612 -559.851 -3.0761
228600 182 343 0.530612 -555.922 -3.05452
228650 183 343 0.533528 -558.808 -3.05359
228700 182 343 0.530612 -553.363 -3.04045
228750 184 343 0.536443 -567.992 -3.08691
228800 186 343 0.542274 -579.094 -3.11341
228850 184 343 0.536443 -569.169 -3.09331
228900 184 343 0.536443 -567.258 -3.08292
228950 184 343 0.536443 -562.659 -3.05793
229000 184 343 0.536443 -561.303 -3.05056
229050 183 343 0.533528 -561.112 -3.06619
229100 182 343 0.530612 -552.946 -3.03817
229150 182 343 0.530612 -546.327 -3.0018
229200 183 343 0.533528 -551.63 -3.01437
229250 182 343 0.530612 -540.115 -2.96767
229300 183 343 0.533528 -544.555 -2.97571
229350 182 343 0.530612 -537.892 -2.95545
229400 182 343 0.530612 -536.442 -2.94748
229450 181 343 0.527697 -532.792 -2.9436
229500 183 343 0.533528 -543.234 -2.96849
229550 184 343 0.536443 -548.663 -2.98186
229600 185 343 0.539359 -549.979 -2.97286
229650 183 343 0.533528 -546.873 -2.98838
229700 183 343 0.533528 -545.8 -2.98252
229750 183 343 0.533528 -553.453 -3.02434
229800 183 343 0.533528 -548.246 -2.99588
229850 182 343 0.530612 -540.459 -2.96956
229900 178 343 0.51895 -533.42 -2.99674
229950 178 343 0.51895 -536.539 -3.01426
230000 180 343 0.524781 -546.423 -3.03568
230050 179 343 0.521866 -535.227 -2.99009
230100 179 343 0.521866 -537.312 -3.00174
230150 179 343 0.521866 -533.972 -2.98308
230200 179 343 0.521866 -535.639 -2.99239
230250 180 343 0.524781 -537.829 -2.98794
230300 180 343 0.524781 -534.566 -2.96981
230350 180 343 0.524781 -536.725 -2.98181
230400 182 343 0.530612 -542.935 -2.98316
230450 182 343 0.530612 -541.227 -2.97377
230500 183 343 0.533528 -543.317 -2.96895
230550 184 343 0.536443 -547.897 -2.9777
230600 185 343 0.539359 -555.206 -3.00112
230650 184 343 0.536443 -557.884 -3.03198
230700 184 343 0.536443 -563.452 -3.06224
230750 185 343 0.539359 -570.269 -3.08254
230800 185 343 0.539359 -571.126 -3.08717
230850 185 343 0.539359 -569.952 -3.08082
230900 183 343 0.533528 -552.266 -3.01785
230950 184 343 0.536443 -557.008 -3.02722
231000 183 343 0.533528 -547.819 -2.99355
231050 183 343 0.533528 -547.802 -2.99346
231100 183 343 0.533528 -547.286 -2.99064
231150 181 343 0.527697 -537.597 -2.97015
231200 181 343 0.527697 -533.333 -2.94659
231250 181 343 0.527697 -536.403 -2.96355
231300 183 343 0.533528 -540.229 -2.95207
231350 183 343 0.533528 -542.107 -2.96233
231400 183 343 0.533528 -542.766 -2.96593
231450 184 343 0.536443 -542.356 -2.94759
231500 182 343 0.530612 -531.679 -2.92131
231550 182 343 0.530612 -528.039 -2.90132
231600 183 343 0.533528 -524.424 -2.86571
231650 184 343 0.536443 -534.326 -2.90395
231700 186 343 0.542274 -545.511 -2.93285
231750 186 343 0.542274 -552.312 -2.96942
231800 186 343 0.542274 -561.918 -3.02106
231850 186 343 0.542274 -561.913 -3.02104
231900 186 343 0.542274 -561.308 -3.01778
231950 187 343 0.54519 -567.29 -3.03363
232000 187 343 0.54519 -566.429 -3.02903
232050 187 343 0.54519 -567.636 -3.03548
232100 188 343 0.548105 -568.78 -3.02542
232150 190 343 0.553936 -571.83 -3.00963
232200 190 343 0.553936 -577.463 -3.03928
232250 190 343 0.553936 -582.78 -3.06726
232300 190 343 0.553936 -583.193 -3.06944
232350 189 343 0.55102 -576.575 -3.05066
232400 187 343 0.54519 -569.791 -3.04701
232450 187 343 0.54519 -570.779 -3.05229
232500 187 343 0.54519 -570.003 -3.04814
232550 187 343 0.54519 -575.391 -3.07696
232600 187 343 0.54519 -576.106 -3.08078
232650 187 343 0.54519 -579.291 -3.09781
232700 186 343 0.542274 -570.262 -3.06592
232750 187 343 0.54519 -575.349 -3.07673
232800 189 343 0.55102 -587.319 -3.10751
232850 189 343 0.55102 -587.388 -3.10787
232900 189 343 0.55102 -579.621 -3.06678
232950 189 343 0.55102 -585.225 -3.09643
233000 188 343 0.548105 -580.217 -3.08626
233050 187 343 0.54519 -575.894 -3.07965
233100 187 343 0.54519 -565.119 -3.02203
233150 188 343 0.548105 -564.65 -3.00346
233200 188 343 0.548105 -562.121 -2.99
233250 186 343 0.542274 -556.403 -2.99141
233300 186 343 0.542274 -554.278 -2.97999
233350 186 343 0.542274 -555.392 -2.98598
233400 185 343 0.539359 -555.577 -3.00312
233450 183 343 0.533528 -547.634 -2.99253
233500 183 343 0.533528 -548.31 -2.99623
233550 183 343 0.533528 -548.701 -2.99836
233600 184 343 0.536443 -552.208 -3.00113
233650 184 343 0.536443 -558.908 -3.03754
233700 185 343 0.539359 -559.287 -3.02317
233750 185 343 0.539359 -567.593 -3.06807
233800 186 343 0.542274 -578.183 -3.10851
233850 186 343 0.542274 -582.219 -3.13021
233900 186 343 0.542274 -582.985 -3.13433
233950 185 343 0.539359 -575.21 -3.10924
234000 186 343 0.542274 -578.364 -3.10949
234050 186 343 0.542274 -573.549 -3.08359
234100 189 343 0.55102 -585.996 -3.10051
234150 188 343 0.548105 -583.392 -3.10315
234200 187 343 0.54519 -584.957 -3.12811
234250 187 343 0.54519 -585.214 -3.12949
234300 187 343 0.54519 -580.058 -3.10192
234350 187 343 0.54519 -584.371 -3.12498
234400 187 343 0.54519 -584.227 -3.12421
234450 186 343 0.542274 -583.929 -3.1394
234500 186 343 0.542274 -579.14 -3.11366
234550 185 343 0.539359 -580.012 -3.1352
234600 186 343 0.542274 -585.217 -3.14633
234650 188 343 0.548105 -598.214 -3.18199
234700 188 343 0.548105 -597.303 -3.17714
234750 186 343 0.542274 -585.706 -3.14896
234800 188 343 0.548105 -590.924 -3.14321
234850 189 343 0.55102 -594.824 -3.14721
234900 189 343 0.55102 -595.862 -3.15271
234950 189 343 0.55102 -592.213 -3.1334
235000 189 343 0.55102 -589.711 -3.12016
235050 189 343 0.55102 -591.076 -3.12738
235100 190 343 0.553936 -588.343 -3.09654
235150 191 343 0.556851 -591.178 -3.09517
235200 191 343 0.556851 -591.209 -3.09533
235250 191 343 0.556851 -591.673 -3.09776
235300 191 343 0.556851 -595.202 -3.11624
235350 191 343 0.556851 -599.093 -3.13661
235400 192 343 0.559767 -604.908 -3.15056
235450 191 343 0.556851 -598.804 -3.1351
235500 192 343 0.559767 -611.801 -3.18646
235550 190 343 0.553936 -603.275 -3.17513
235600 192 343 0.559767 -609.08 -3.17229
235650 193 343 0.562682 -608.036 -3.15045
235700 193 343 0.562682 -608.147 -3.15102
235750 194 343 0.565598 -613.644 -3.16311
235800 193 343 0.562682 -605.842 -3.13908
235850 193 343 0.562682 -614.912 -3.18607
235900 193 343 0.562682 -613.018 -3.17626
235950 193 343 0.562682 -610.411 -3.16275
236000 192 343 0.559767 -606.575 -3.15925
236050 191 343 0.556851 -599.775 -3.14019
236100 191 343 0.556851 -605.578 -3.17057
236150 190 343 0.553936 -607.262 -3.19611
236200 191 343 0.556851 -609.53 -3.19126
236250 192 343 0.559767 -608.396 -3.16873
236300 192 343 0.559767 -606.925 -3.16107
236350 193 343 0.562682 -610.899 -3.16528
236400 197 343 0.574344 -629.305 -3.19444
236450 198 343 0.577259 -632.68 -3.19535
236500 197 343 0.574344 -633.217 -3.2143
236550 195 343 0.568513 -631.657 -3.23927
236600 194 343 0.565598 -624.45 -3.21881
236650 193 343 0.562682 -621.896 -3.22226
236700 194 343 0.565598 -628.591 -3.24016
236750 193 343 0.562682 -619.558 -3.21014
236800 193 343 0.562682 -618.065 -3.20241
236850 192 343 0.559767 -612.313 -3.18913
236900 193 343 0.562682 -614.324 -3.18303
236950 194 343 0.565598 -624.284 -3.21796
237000 193 343 0.562682 -618.098 -3.20258
237050 195 343 0.568513 -628.184 -3.22146
237100 195 343 0.568513 -625.304 -3.20669
237150 194 343 0.565598 -625.625 -3.22487
237200 193 343 0.562682 -623.878 -3.23253
237250 193 343 0.562682 -627.74 -3.25254
237300 193 343 0.562682 -625.952 -3.24327
237350 194 343 0.565598 -628.14 -3.23784
237400 195 343 0.568513 -633.557 -3.24901
237450 194 343 0.565598 -630.216 -3.24854
237500 194 343 0.565598 -632.993 -3.26285
237550 193 343 0.562682 -628.002 -3.2539
237600 193 343 0.562682 -627.105 -3.24925
237650 194 343 0.565598 -628.562 -3.24001
237700 195 343 0.568513 -623.054 -3.19515
237750 192 343 0.559767 -602.219 -3.13656
237800 192 343 0.559767 -596.241 -3.10542
237850 192 343 0.559767 -600.125 -3.12565
237900 190 343 0.553936 -590.343 -3.10707
237950 190 343 0.553936 -602.024 -3.16855
238000 189 343 0.55102 -599.033 -3.16949
238050 189 343 0.55102 -602.203 -3.18626
238100 190 343 0.553936 -607.121 -3.19538
238150 188 343 0.548105 -597.903 -3.18033
238200 190 343 0.553936 -606.894 -3.19418
238250 190 343 0.553936 -607.716 -3.1985
238300 190 343 0.553936 -607.696 -3.1984
238350 190 343 0.553936 -609.624 -3.20855
238400 190 343 0.553936 -609.145 -3.20603
238450 188 343 0.548105 -599.297 -3.18775
238500 187 343 0.54519 -594.791 -3.1807
238550 187 343 0.54519 -589.245 -3.15104
238600 186 343 0.542274 -577.81 -3.10651
238650 186 343 0.542274 -580.836 -3.12278
238700 184 343 0.536443 -568.429 -3.08929
238750 186 343 0.542274 -576.804 -3.10109
238800 186 343 0.542274 -582.142 -3.12979
238850 187 343 0.54519 -591.931 -3.16541
238900 186 343 0.542274 -588.901 -3.16614
238950 188 343 0.548105 -589.401 -3.13511
239000 188 343 0.548105 -585.036 -3.11189
239050 190 343 0.553936 -593.297 -3.12262
239100 190 343 0.553936 -591.771 -3.11458
239150 190 343 0.553936 -591.369 -3.11247
239200 191 343 0.556851 -589.822 -3.08807
239250 190 343 0.553936 -589.529 -3.10278
239300 191 343 0.556851 -590.359 -3.09089
239350 189 343 0.55102 -578.226 -3.0594
239400 189 343 0.55102 -573.942 -3.03673
239450 188 343 0.548105 -577.195 -3.07019
239500 189 343 0.55102 -578.363 -3.06012
239550 189 343 0.55102 -578.106 -3.05876
239600 188 343 0.548105 -577.88 -3.07383
239650 190 343 0.553936 -592.422 -3.11801
239700 191 343 0.556851 -599.09 -3.1366
239750 191 343 0.556851 -597.659 -3.12911
239800 191 343 0.556851 -603.491 -3.15964
239850 191 343 0.556851 -598.053 -3.13117
239900 190 343 0.553936 -596.015 -3.13692
239950 189 343 0.55102 -586.618 -3.1038
240000 186 343 0.542274 -577.323 -3.10389
240050 187 343 0.54519 -582.632 -3.11568
240100 187 343 0.54519 -579.74 -3.10021
240150 188 343 0.548105 -578.592 -3.07762
240200 189 343 0.55102 -577.484 -3.05547
240250 190 343 0.553936 -579.3 -3.04895
240300 189 343 0.55102 -583.986 -3.08987
240350 189 343 0.55102 -588.599 -3.11428
240400 188 343 0.548105 -588.775 -3.13178
240450 188 343 0.548105 -588.998 -3.13297
240500 189 343 0.55102 -588.289 -3.11264
240550 188 343 0.548105 -582.411 -3.09793
240600 185 343 0.539359 -570.217 -3.08225
240650 186 343 0.542274 -573.035 -3.08083
240700 184 343 0.536443 -564.601 -3.06849
240750 183 343 0.533528 -556.775 -3.04248
240800 182 343 0.530612 -553.853 -3.04315
240850 182 343 0.530612 -552.534 -3.0359
240900 181 343 0.527697 -551.653 -3.0478
240950 180 343 0.524781 -557.938 -3.09966
241000 181 343 0.527697 -558.454 -3.08538
241050 181 343 0.527697 -559.268 -3.08988
241100 184 343 0.536443 -577.812 -3.14028
241150 184 343 0.536443 -574.677 -3.12324
241200 185 343 0.539359 -581.168 -3.14145
241250 187 343 0.54519 -587.345 -3.14088
241300 189 343 0.55102 -602.656 -3.18866
241350 189 343 0.55102 -594.472 -3.14535
241400 189 343 0.55102 -590.599 -3.12486
241450 187 343 0.54519 -583.582 -3.12076
241500 187 343 0.54519 -587.562 -3.14205
241550 187 343 0.54519 -583.879 -3.12235
241600 187 343 0.54519 -575.671 -3.07846
241650 187 343 0.54519 -570.783 -3.05232
241700 184 343 0.536443 -567.639 -3.085
241750 183 343 0.533528 -563.093 -3.07701
241800 183 343 0.533528 -565.529 -3.09032
241850 183 343 0.533528 -564.992 -3.08739
241900 183 343 0.533528 -563.421 -3.0788
241950 179 343 0.521866 -543.913 -3.03862
242000 178 343 0.51895 -537.585 -3.02014
242050 178 343 0.51895 -536.22 -3.01247
242100 175 343 0.510204 -516.387 -2.95078
242150 174 343 0.507289 -514.79 -2.95856
242200 174 343 0.507289 -519.358 -2.98481
242250 175 343 0.510204 -528.567 -3.02038
242300 177 343 0.516035 -533.426 -3.0137
242350 177 343 0.516035 -536.845 -3.03302
242400 178 343 0.51895 -545.545 -3.06486
242450 178 343 0.51895 -539.379 -3.03022
242500 175 343 0.510204 -528.382 -3.01933
242550 175 343 0.510204 -525.774 -3.00442
242600 176 343 0.51312 -528.968 -3.0055
242650 175 343 0.510204 -529.983 -3.02847
242700 176 343 0.51312 -534.147 -3.03493
242750 175 343 0.510204 -523.193 -2.98967
242800 176 343 0.51312 -526.464 -2.99127
242850 176 343 0.51312 -528.3 -3.0017
242900 176 343 0.51312 -526.794 -2.99315
242950 177 343 0.516035 -531.879 -3.00496
243000 176 343 0.51312 -525.755 -2.98724
243050 175 343 0.510204 -523.325 -2.99043
243100 177 343 0.516035 -530.499 -2.99717
243150 177 343 0.516035 -528.657 -2.98676
243200 177 343 0.516035 -522.915 -2.95432
243250 177 343 0.516035 -522.762 -2.95346
243300 177 343 0.516035 -521.701 -2.94746
243350 176 343 0.51312 -518.793 -2.94769
243400 175 343 0.510204 -517.886 -2.95935
243450 177 343 0.516035 -523.717 -2.95885
243500 175 343 0.510204 -513.705 -2.93546
243550 176 343 0.51312 -521.328 -2.96209
243600 177 343 0.516035 -531.459 -3.00259
243650 176 343 0.51312 -526.036 -2.98884
243700 176 343 0.51312 -524.562 -2.98046
243750 174 343 0.507289 -517.462 -2.97392
243800 175 343 0.510204 -520.42 -2.97383
243850 175 343 0.510204 -519.302 -2.96744
243900 176 343 0.51312 -526.494 -2.99144
243950 175 343 0.510204 -523.466 -2.99123
244000 175 343 0.510204 -525.703 -3.00402
244050 175 343 0.510204 -528.245 -3.01854
244100 176 343 0.51312 -523.875 -2.97656
244150 176 343 0.51312 -527.377 -2.99646
244200 177 343 0.516035 -534.565 -3.02014
244250 178 343 0.51895 -535.127 -3.00633
244300 177 343 0.516035 -530.463 -2.99697
244350 179 343 0.521866 -541.62 -3.02581
244400 178 343 0.51895 -539.108 -3.0287
244450 178 343 0.51895 -540.548 -3.03678
244500 177 343 0.516035 -533.581 -3.01458
244550 178 343 0.51895 -535.462 -3.00822
244600 176 343 0.51312 -528.922 -3.00524
244650 177 343 0.516035 -527.245 -2.97878
244700 177 343 0.516035 -526.355 -2.97375
244750 175 343 0.510204 -517.574 -2.95757
244800 174 343 0.507289 -515.029 -2.95994
244850 175 343 0.510204 -520.005 -2.97145
244900 175 343 0.510204 -521.012 -2.97721
244950 175 343 0.510204 -519.616 -2.96924
245000 177 343 0.516035 -521.686 -2.94738
245050 177 343 0.516035 -517.547 -2.924
245100 175 343 0.510204 -513.179 -2.93245
245150 176 343 0.51312 -513.286 -2.9164
245200 177 343 0.516035 -514.805 -2.9085
245250 177 343 0.516035 -509.452 -2.87826
245300 177 343 0.516035 -507.477 -2.8671
245350 178 343 0.51895 -503.404 -2.82811
245400 173 343 0.504373 -485.046 -2.80373
245450 172 343 0.501458 -481.001 -2.79652
245500 172 343 0.501458 -480.919 -2.79604
245550 170 343 0.495627 -471.628 -2.77428
245600 170 343 0.495627 -465.714 -2.7395
245650 172 343 0.501458 -470.834 -2.73741
245700 172 343 0.501458 -467.502 -2.71804
245750 175 343 0.510204 -468.497 -2.67712
245800 174 343 0.507289 -466.862 -2.68311
245850 175 343 0.510204 -475.02 -2.7144
245900 176 343 0.51312 -490.239 -2.78545
245950 176 343 0.51312 -495.55 -2.81562
246000 177 343 0.516035 -494.531 -2.79396
246050 177 343 0.516035 -483.426 -2.73122
246100 173 343 0.504373 -466.413 -2.69603
246150 175 343 0.510204 -481.791 -2.75309
246200 176 343 0.51312 -489.133 -2.77917
246250 176 343 0.51312 -490.879 -2.78909
246300 176 343 0.51312 -496.031 -2.81836
246350 179 343 0.521866 -509.034 -2.84376
246400 180 343 0.524781 -504.889 -2.80494
246450 179 343 0.521866 -508.048 -2.83825
246500 180 343 0.524781 -518.619 -2.88122
246550 180 343 0.524781 -518.723 -2.8818
246600 178 343 0.51895 -514.966 -2.89307
246650 177 343 0.516035 -513.458 -2.90089
246700 177 343 0.516035 -518.801 -2.93108
246750 177 343 0.516035 -517.495 -2.9237
246800 176 343 0.51312 -511.85 -2.90824
246850 177 343 0.516035 -512.689 -2.89655
246900 178 343 0.51895 -509.13 -2.86028
246950 180 343 0.524781 -518.377 -2.87987
247000 180 343 0.524781 -519.739 -2.88744
247050 180 343 0.524781 -514.986 -2.86103
247100 181 343 0.527697 -517.476 -2.85899
247150 180 343 0.524781 -515.969 -2.8665
247200 178 343 0.51895 -505.813 -2.84165
247250 177 343 0.516035 -500.267 -2.82637
247300 177 343 0.516035 -502.23 -2.83746
247350 180 343 0.524781 -505.267 -2.80704
247400 181 343 0.527697 -509.967 -2.8175
247450 180 343 0.524781 -505.992 -2.81107
247500 179 343 0.521866 -505.564 -2.82438
247550 179 343 0.521866 -515.945 -2.88237
247600 181 343 0.527697 -527.334 -2.91345
247650 181 343 0.527697 -523.649 -2.89309
247700 181 343 0.527697 -520.703 -2.87681
247750 182 343 0.530612 -543.328 -2.98532
247800 182 343 0.530612 -540.476 -2.96965
247850 180 343 0.524781 -529.094 -2.93941
247900 182 343 0.530612 -532.083 -2.92353
247950 181 343 0.527697 -519.735 -2.87146
248000 182 343 0.530612 -526.602 -2.89342
248050 181 343 0.527697 -525.359 -2.90253
248100 182 343 0.530612 -525.91 -2.88962
248150 184 343 0.536443 -537.823 -2.92295
248200 183 343 0.533528 -532.77 -2.91131
248250 183 343 0.533528 -526.191 -2.87536
248300 183 343 0.533528 -535.475 -2.92609
248350 183 343 0.533528 -536.598 -2.93223
248400 181 343 0.527697 -527.248 -2.91297
248450 181 343 0.527697 -532.857 -2.94396
248500 181 343 0.527697 -534.365 -2.95229
248550 181 343 0.527697 -537.828 -2.97143
248600 181 343 0.527697 -539.8 -2.98232
248650 182 343 0.530612 -552.129 -3.03368
248700 182 343 0.530612 -552.792 -3.03732
248750 183 343 0.533528 -554.071 -3.02771
248800 184 343 0.536443 -550.771 -2.99332
248850 182 343 0.530612 -552.421 -3.03528
248900 183 343 0.533528 -553.72 -3.02579
248950 183 343 0.533528 -557.141 -3.04449
249000 185 343 0.539359 -568.545 -3.07321
249050 183 343 0.533528 -560.712 -3.064
249100 183 343 0.533528 -559.319 -3.05639
249150 184 343 0.536443 -560.451 -3.04593
249200 184 343 0.536443 -565.627 -3.07406
249250 184 343 0.536443 -565.647 -3.07417
249300 184 343 0.536443 -568.603 -3.09023
249350 182 343 0.530612 -566.831 -3.11445
249400 182 343 0.530612 -566.878 -3.11471
249450 182 343 0.530612 -562.295 -3.08953
249500 182 343 0.530612 -559.729 -3.07544
249550 181 343 0.527697 -565.331 -3.12337
249600 181 343 0.527697 -564.38 -3.11812
249650 181 343 0.527697 -564.922 -3.12112
249700 180 343 0.524781 -561.667 -3.12037
249750 180 343 0.524781 -560.111 -3.11173
249800 178 343 0.51895 -548.581 -3.08191
249850 179 343 0.521866 -551.271 -3.07973
249900 181 343 0.527697 -554.442 -3.06321
249950 181 343 0.527697 -554.484 -3.06345
250000 180 343 0.524781 -545.629 -3.03127
250050 179 343 0.521866 -534.812 -2.98778
250100 179 343 0.521866 -532.861 -2.97688
250150 177 343 0.516035 -525.639 -2.96971
250200 175 343 0.510204 -519.79 -2.97023
250250 175 343 0.510204 -519.434 -2.9682
250300 174 343 0.507289 -517.404 -2.97359
250350 174 343 0.507289 -512.867 -2.94751
250400 175 343 0.510204 -521.705 -2.98117
250450 177 343 0.516035 -523.619 -2.9583
250500 179 343 0.521866 -523.361 -2.92381
250550 181 343 0.527697 -532.261 -2.94067
250600 181 343 0.527697 -533.44 -2.94718
250650 182 343 0.530612 -538.645 -2.95959
250700 181 343 0.527697 -543.433 -3.00239
250750 181 343 0.527697 -536.706 -2.96523
250800 181 343 0.527697 -535.575 -2.95898
250850 180 343 0.524781 -530.868 -2.94927
250900 181 343 0.527697 -536.269 -2.96281
250950 182 343 0.530612 -538.807 -2.96048
251000 184 343 0.536443 -538.757 -2.92803
251050 186 343 0.542274 -550.378 -2.95902
251100 187 343 0.54519 -557.395 -2.98072
251150 185 343 0.539359 -557.271 -3.01228
251200 182 343 0.530612 -539.084 -2.962
251250 180 343 0.524781 -536.092 -2.97829
251300 180 343 0.524781 -531.668 -2.95371
251350 179 343 0.521866 -526.997 -2.94412
251400 181 343 0.527697 -538.821 -2.97691
251450 181 343 0.527697 -536.676 -2.96506
251500 180 343 0.524781 -537.619 -2.98677
251550 179 343 0.521866 -530.977 -2.96635
251600 179 343 0.521866 -541.923 -3.0275
251650 180 343 0.524781 -543.387 -3.01882
251700 179 343 0.521866 -539.31 -3.01291
251750 179 343 0.521866 -537.448 -3.0025
251800 180 343 0.524781 -542.583 -3.01435
251850 179 343 0.521866 -535.375 -2.99092
251900 180 343 0.524781 -535.34 -2.97411
251950 179 343 0.521866 -534.535 -2.98623
252000 178 343 0.51895 -526.538 -2.95808
252050 179 343 0.521866 -521.736 -2.91472
252100 179 343 0.521866 -527.618 -2.94759
252150 179 343 0.521866 -529.05 -2.95558
252200 179 343 0.521866 -533.263 -2.97912
252250 178 343 0.51895 -524.888 -2.94881
252300 179 343 0.521866 -532.06 -2.9724
252350 179 343 0.521866 -532.55 -2.97514
252400 181 343 0.527697 -543.538 -3.00297
252450 181 343 0.527697 -547.031 -3.02227
252500 180 343 0.524781 -537.48 -2.986
252550 180 343 0.524781 -539.278 -2.99599
252600 180 343 0.524781 -542.711 -3.01506
252650 181 343 0.527697 -543.486 -3.00269
252700 180 343 0.524781 -545.927 -3.03293
252750 180 343 0.524781 -546.277 -3.03487
252800 179 343 0.521866 -536.499 -2.9972
252850 180 343 0.524781 -541.64 -3.00911
252900 178 343 0.51895 -531.519 -2.98606
252950 179 343 0.521866 -529.075 -2.95573
253000 178 343 0.51895 -518.168 -2.91105
253050 179 343 0.521866 -530.834 -2.96555
253100 178 343 0.51895 -526.736 -2.95919
253150 178 343 0.51895 -525.822 -2.95405
253200 177 343 0.516035 -520.128 -2.93857
253250 176 343 0.51312 -507.547 -2.88379
253300 174 343 0.507289 -504.816 -2.90124
253350 174 343 0.507289 -504.385 -2.89876
253400 173 343 0.504373 -495.29 -2.86295
253450 173 343 0.504373 -494.266 -2.85703
253500 173 343 0.504373 -498.021 -2.87873
253550 171 343 0.498542 -483.669 -2.82847
253600 169 343 0.492711 -480.742 -2.84462
253650 167 343 0.48688 -476.103 -2.85092
253700 169 343 0.492711 -481.755 -2.85062
253750 169 343 0.492711 -483.708 -2.86218
253800 169 343 0.492711 -487.631 -2.88539
253850 171 343 0.498542 -482.53 -2.82182
253900 171 343 0.498542 -480.172 -2.80803
253950 172 343 0.501458 -483.447 -2.81074
254000 171 343 0.498542 -481.32 -2.81474
254050 171 343 0.498542 -485.526 -2.83933
254100 170 343 0.495627 -484.409 -2.84947
254150 171 343 0.498542 -485.131 -2.83702
254200 172 343 0.501458 -487.952 -2.83693
254250 174 343 0.507289 -498.288 -2.86372
254300 173 343 0.504373 -493.506 -2.85264
254350 172 343 0.501458 -487.541 -2.83454
254400 172 343 0.501458 -482.912 -2.80763
254450 171 343 0.498542 -482.523 -2.82177
254500 173 343 0.504373 -487.629 -2.81867
254550 174 343 0.507289 -495.797 -2.84941
254600 175 343 0.510204 -505.097 -2.88627
254650 176 343 0.51312 -513.204 -2.91593
254700 177 343 0.516035 -512.856 -2.89749
254750 178 343 0.51895 -511.765 -2.87508
254800 180 343 0.524781 -516.149 -2.86749
254850 180 343 0.524781 -510.075 -2.83375
254900 179 343 0.521866 -509.423 -2.84594
254950 178 343 0.51895 -517.953 -2.90985
255000 178 343 0.51895 -522.527 -2.93555
255050 179 343 0.521866 -526.595 -2.94187
255100 180 343 0.524781 -527.363 -2.92979
255150 179 343 0.521866 -524.015 -2.92746
255200 179 343 0.521866 -528.835 -2.95439
255250 180 343 0.524781 -528.594 -2.93663
255300 179 343 0.521866 -525.791 -2.93738
255350 179 343 0.521866 -515.996 -2.88266
255400 179 343 0.521866 -519.774 -2.90376
255450 180 343 0.524781 -522.933 -2.90518
255500 180 343 0.524781 -527.849 -2.93249
255550 181 343 0.527697 -530.789 -2.93254
255600 181 343 0.527697 -540.312 -2.98515
255650 182 343 0.530612 -552.082 -3.03342
255700 183 343 0.533528 -566.164 -3.09379
255750 183 343 0.533528 -565.966 -3.09271
255800 184 343 0.536443 -565.518 -3.07347
255850 187 343 0.54519 -570.188 -3.04913
255900 188 343 0.548105 -571.25 -3.03856
255950 188 343 0.548105 -568.278 -3.02276
256000 188 343 0.548105 -570.747 -3.03589
256050 190 343 0.553936 -575.432 -3.02859
256100 190 343 0.553936 -576.005 -3.0316
256150 188 343 0.548105 -568.964 -3.0264
256200 189 343 0.55102 -567.417 -3.00221
256250 187 343 0.54519 -556.492 -2.97589
256300 188 343 0.548105 -558.359 -2.96999
256350 187 343 0.54519 -549.663 -2.93937
256400 187 343 0.54519 -554.142 -2.96333
256450 187 343 0.54519 -559.758 -2.99336
256500 187 343 0.54519 -553.052 -2.9575
256550 187 343 0.54519 -554.286 -2.9641
256600 187 343 0.54519 -552.5 -2.95454
256650 187 343 0.54519 -551.55 -2.94946
256700 187 343 0.54519 -554.589 -2.96572
256750 187 343 0.54519 -553.834 -2.96168
256800 186 343 0.542274 -552.816 -2.97213
256850 187 343 0.54519 -561.045 -3.00024
256900 188 343 0.548105 -565.713 -3.00911
256950 188 343 0.548105 -558.977 -2.97328
257000 187 343 0.54519 -559.767 -2.99341
257050 188 343 0.548105 -553.143 -2.94225
257100 189 343 0.55102 -568.305 -3.0069
257150 192 343 0.559767 -582.637 -3.03457
257200 192 343 0.559767 -585.63 -3.05015
257250 191 343 0.556851 -579.938 -3.03633
257300 189 343 0.55102 -575.622 -3.04562
257350 189 343 0.55102 -573.34 -3.03354
257400 189 343 0.55102 -579.383 -3.06552
257450 189 343 0.55102 -578.246 -3.0595
257500 189 343 0.55102 -572.978 -3.03163
257550 187 343 0.54519 -557.942 -2.98365
257600 186 343 0.542274 -555.176 -2.98482
257650 187 343 0.54519 -565.225 -3.02259
257700 186 343 0.542274 -564.276 -3.03374
257750 188 343 0.548105 -570.853 -3.03645
257800 187 343 0.54519 -566.652 -3.03022
257850 186 343 0.542274 -570.368 -3.0665
257900 187 343 0.54519 -572.108 -3.0594
257950 189 343 0.55102 -577.86 -3.05746
258000 190 343 0.553936 -579.671 -3.0509
258050 190 343 0.553936 -579.696 -3.05103
258100 189 343 0.55102 -568.913 -3.01012
258150 189 343 0.55102 -569.228 -3.01179
258200 188 343 0.548105 -562.29 -2.9909
258250 187 343 0.54519 -564.909 -3.02091
258300 187 343 0.54519 -566.249 -3.02807
258350 188 343 0.548105 -570.106 -3.03248
258400 190 343 0.553936 -573.545 -3.01866
258450 189 343 0.55102 -571.571 -3.02419
258500 190 343 0.553936 -577.692 -3.04049
258550 191 343 0.556851 -583.81 -3.0566
258600 190 343 0.553936 -578.389 -3.04415
258650 189 343 0.55102 -581.122 -3.07472
258700 191 343 0.556851 -593.294 -3.10625
258750 190 343 0.553936 -589.248 -3.10131
258800 190 343 0.553936 -587.578 -3.09251
258850 192 343 0.559767 -593.853 -3.09298
258900 192 343 0.559767 -597.327 -3.11108
258950 193 343 0.562682 -604.136 -3.13024
259000 194 343 0.565598 -604.163 -3.11424
259050 193 343 0.562682 -604.054 -3.12981
259100 192 343 0.559767 -598.229 -3.11578
259150 190 343 0.553936 -587.293 -3.09101
259200 190 343 0.553936 -592.078 -3.1162
259250 190 343 0.553936 -591.077 -3.11093
259300 191 343 0.556851 -584.706 -3.06129
259350 193 343 0.562682 -590.909 -3.0617
259400 192 343 0.559767 -586.587 -3.05514
259450 190 343 0.553936 -582.684 -3.06676
259500 190 343 0.553936 -587.648 -3.09288
259550 189 343 0.55102 -590.6 -3.12487
259600 189 343 0.55102 -594.939 -3.14783
259650 190 343 0.553936 -592.925 -3.12066
259700 189 343 0.55102 -591.85 -3.13148
259750 191 343 0.556851 -599.498 -3.13873
259800 191 343 0.556851 -596.739 -3.12429
259850 192 343 0.559767 -597.348 -3.11119
259900 192 343 0.559767 -595.195 -3.09998
259950 192 343 0.559767 -592.691 -3.08693
260000 192 343 0.559767 -589.742 -3.07157
260050 192 343 0.559767 -590.721 -3.07667
260100 192 343 0.559767 -586.846 -3.05649
260150 191 343 0.556851 -572.201 -2.99582
260200 191 343 0.556851 -570.262 -2.98567
260250 191 343 0.556851 -566.37 -2.96529
260300 191 343 0.556851 -571.739 -2.9934
260350 190 343 0.553936 -566.353 -2.98081
260400 191 343 0.556851 -569.432 -2.98132
260450 189 343 0.55102 -568.395 -3.00738
260500 189 343 0.55102 -566.812 -2.999
260550 188 343 0.548105 -562.538 -2.99223
260600 188 343 0.548105 -562.09 -2.98984
260650 187 343 0.54519 -559.193 -2.99034
260700 187 343 0.54519 -562.968 -3.01052
260750 186 343 0.542274 -560.074 -3.01115
260800 186 343 0.542274 -558.671 -3.00361
260850 187 343 0.54519 -567.849 -3.03662
260900 189 343 0.55102 -579.422 -3.06572
260950 190 343 0.553936 -587.03 -3.08963
261000 189 343 0.55102 -579.603 -3.06668
261050 189 343 0.55102 -572.008 -3.0265
261100 190 343 0.553936 -585.001 -3.07895
261150 191 343 0.556851 -591.462 -3.09666
261200 190 343 0.553936 -586.541 -3.08706
261250 190 343 0.553936 -589.154 -3.10081
261300 188 343 0.548105 -584.065 -3.10673
261350 188 343 0.548105 -583.91 -3.10591
261400 188 343 0.548105 -574.679 -3.0568
261450 189 343 0.55102 -580.233 -3.07002
261500 189 343 0.55102 -577.278 -3.05438
261550 189 343 0.55102 -577.03 -3.05307
261600 189 343 0.55102 -579.506 -3.06617
261650 190 343 0.553936 -582.761 -3.06716
261700 190 343 0.553936 -577.589 -3.03994
261750 190 343 0.553936 -578.563 -3.04507
261800 189 343 0.55102 -572.966 -3.03157
261850 190 343 0.553936 -579.475 -3.04987
261900 189 343 0.55102 -580.165 -3.06966
261950 188 343 0.548105 -584.743 -3.11033
262000 189 343 0.55102 -584.713 -3.09372
262050 188 343 0.548105 -583.18 -3.10202
262100 189 343 0.55102 -589.423 -3.11864
262150 188 343 0.548105 -595.77 -3.16899
262200 190 343 0.553936 -605.407 -3.18635
262250 189 343 0.55102 -594.422 -3.14509
262300 188 343 0.548105 -594.135 -3.16029
262350 188 343 0.548105 -597.672 -3.17911
262400 187 343 0.54519 -589.521 -3.15252
262450 186 343 0.542274 -583.164 -3.13529
262500 186 343 0.542274 -580.199 -3.11935
262550 188 343 0.548105 -589.202 -3.13405
262600 188 343 0.548105 -593.141 -3.155
262650 187 343 0.54519 -584.351 -3.12487
262700 188 343 0.548105 -585.18 -3.11266
262750 187 343 0.54519 -577.997 -3.09089
262800 187 343 0.54519 -577.004 -3.08558
262850 188 343 0.548105 -575.562 -3.0615
262900 190 343 0.553936 -586.21 -3.08532
262950 190 343 0.553936 -586.051 -3.08448
263000 191 343 0.556851 -587.489 -3.07586
263050 191 343 0.556851 -588.947 -3.08349
263100 191 343 0.556851 -588.787 -3.08265
263150 189 343 0.55102 -589.192 -3.11742
263200 186 343 0.542274 -575.834 -3.09588
263250 187 343 0.54519 -583.042 -3.11787
263300 188 343 0.548105 -583.397 -3.10317
263350 189 343 0.55102 -581.72 -3.07788
263400 187 343 0.54519 -571.686 -3.05714
263450 187 343 0.54519 -571.33 -3.05524
263500 186 343 0.542274 -565.17 -3.03855
263550 186 343 0.542274 -555.989 -2.98919
263600 186 343 0.542274 -563.644 -3.03034
263650 186 343 0.542274 -564.421 -3.03452
263700 187 343 0.54519 -558.314 -2.98563
263750 187 343 0.54519 -565.056 -3.02169
263800 188 343 0.548105 -561.048 -2.9843
263850 185 343 0.539359 -556.267 -3.00685
263900 186 343 0.542274 -569.602 -3.06238
263950 187 343 0.54519 -564.389 -3.01812
264000 187 343 0.54519 -565.166 -3.02228
264050 186 343 0.542274 -561.869 -3.0208
264100 184 343 0.536443 -549.019 -2.9838
264150 184 343 0.536443 -534.344 -2.90404
264200 183 343 0.533528 -531.089 -2.90213
264250 182 343 0.530612 -522.307 -2.86982
264300 183 343 0.533528 -539.907 -2.95031
264350 185 343 0.539359 -545.749 -2.95
264400 183 343 0.533528 -543.055 -2.96751
264450 185 343 0.539359 -553.295 -2.99079
264500 185 343 0.539359 -553.537 -2.99209
264550 185 343 0.539359 -549.786 -2.97181
264600 185 343 0.539359 -559.204 -3.02272
264650 186 343 0.542274 -565.404 -3.03981
264700 186 343 0.542274 -560.2 -3.01183
264750 185 343 0.539359 -548.864 -2.96683
264800 183 343 0.533528 -537.043 -2.93466
264850 185 343 0.539359 -540.901 -2.92379
264900 186 343 0.542274 -547.274 -2.94233
264950 186 343 0.542274 -544.489 -2.92736
265000 187 343 0.54519 -552.215 -2.95302
265050 185 343 0.539359 -546.838 -2.95588
265100 185 343 0.539359 -545.54 -2.94886
265150 182 343 0.530612 -538.049 -2.95632
265200 183 343 0.533528 -542.421 -2.96405
265250 183 343 0.533528 -537.652 -2.93799
265300 183 343 0.533528 -539.817 -2.94982
265350 183 343 0.533528 -544.377 -2.97474
265400 184 343 0.536443 -550.021 -2.98924
265450 184 343 0.536443 -550.365 -2.99111
265500 183 343 0.533528 -537.829 -2.93895
265550 182 343 0.530612 -523.257 -2.87504
265600 181 343 0.527697 -526.917 -2.91114
265650 181 343 0.527697 -524.834 -2.89964
265700 181 343 0.527697 -527.486 -2.91429
265750 181 343 0.527697 -528.845 -2.9218
265800 180 343 0.524781 -524.644 -2.91469
265850 179 343 0.521866 -512.434 -2.86276
265900 179 343 0.521866 -509.944 -2.84885
265950 181 343 0.527697 -520.689 -2.87674
266000 182 343 0.530612 -523.665 -2.87728
266050 181 343 0.527697 -514.523 -2.84267
266100 181 343 0.527697 -516.727 -2.85485
266150 182 343 0.530612 -516.759 -2.83933
266200 182 343 0.530612 -517.919 -2.84571
266250 182 343 0.530612 -515.363 -2.83166
266300 181 343 0.527697 -514.222 -2.841
266350 180 343 0.524781 -512.297 -2.8461
266400 180 343 0.524781 -516.282 -2.86823
266450 180 343 0.524781 -528.226 -2.93459
266500 181 343 0.527697 -539.748 -2.98203
266550 181 343 0.527697 -540.973 -2.9888
266600 181 343 0.527697 -539.117 -2.97855
266650 184 343 0.536443 -556.403 -3.02393
266700 183 343 0.533528 -550.374 -3.00751
266750 183 343 0.533528 -553.222 -3.02307
266800 184 343 0.536443 -554.944 -3.016
266850 183 343 0.533528 -549.239 -3.00131
266900 182 343 0.530612 -544.977 -2.99438
266950 183 343 0.533528 -547.343 -2.99095
267000 184 343 0.536443 -555.508 -3.01906
267050 184 343 0.536443 -554.214 -3.01203
267100 183 343 0.533528 -551.05 -3.0112
267150 183 343 0.533528 -555.68 -3.0365
267200 183 343 0.533528 -553.584 -3.02505
267250 183 343 0.533528 -556.973 -3.04357
267300 183 343 0.533528 -554.873 -3.03209
267350 182 343 0.530612 -553.99 -3.0439
267400 182 343 0.530612 -553.381 -3.04056
267450 181 343 0.527697 -548.927 -3.03275
267500 183 343 0.533528 -554.789 -3.03164
267550 183 343 0.533528 -554.019 -3.02743
267600 184 343 0.536443 -544.283 -2.95806
267650 182 343 0.530612 -545.13 -2.99522
267700 183 343 0.533528 -551.315 -3.01265
267750 183 343 0.533528 -553.415 -3.02413
267800 184 343 0.536443 -556.136 -3.02248
267850 184 343 0.536443 -560.362 -3.04545
267900 183 343 0.533528 -555.015 -3.03287
267950 183 343 0.533528 -552.89 -3.02126
268000 183 343 0.533528 -552.826 -3.02091
268050 184 343 0.536443 -553.494 -3.00812
268100 183 343 0.533528 -543.871 -2.97197
268150 183 343 0.533528 -538.839 -2.94448
268200 183 343 0.533528 -534.361 -2.92
268250 184 343 0.536443 -542.895 -2.95051
268300 184 343 0.536443 -546.087 -2.96786
268350 184 343 0.536443 -547.919 -2.97782
268400 183 343 0.533528 -550.049 -3.00573
268450 183 343 0.533528 -553.048 -3.02212
268500 182 343 0.530612 -551.565 -3.03058
268550 182 343 0.530612 -542.169 -2.97895
268600 181 343 0.527697 -533.09 -2.94525
268650 182 343 0.530612 -538.494 -2.95876
268700 182 343 0.530612 -542.099 -2.97856
268750 183 343 0.533528 -542.805 -2.96615
268800 186 343 0.542274 -554.268 -2.97993
268850 183 343 0.533528 -553.131 -3.02258
268900 183 343 0.533528 -548.364 -2.99652
268950 183 343 0.533528 -553.206 -3.02298
269000 183 343 0.533528 -557.409 -3.04595
269050 183 343 0.533528 -565.173 -3.08838
269100 184 343 0.536443 -568.801 -3.09131
269150 184 343 0.536443 -567.446 -3.08394
269200 184 343 0.536443 -568.046 -3.08721
269250 184 343 0.536443 -567.614 -3.08486
269300 183 343 0.533528 -562.93 -3.07612
269350 181 343 0.527697 -557.13 -3.07806
269400 179 343 0.521866 -545.143 -3.04549
269450 178 343 0.51895 -536.017 -3.01133
269500 181 343 0.527697 -544.701 -3.0094
269550 182 343 0.530612 -551.02 -3.02758
269600 179 343 0.521866 -539.645 -3.01478
269650 181 343 0.527697 -553.704 -3.05914
269700 182 343 0.530612 -563.671 -3.09709
269750 182 343 0.530612 -558.207 -3.06707
269800 182 343 0.530612 -553.495 -3.04118
269850 182 343 0.530612 -547.007 -3.00553
269900 180 343 0.524781 -532.38 -2.95767
269950 180 343 0.524781 -530.179 -2.94544
270000 181 343 0.527697 -535.512 -2.95863
270050 182 343 0.530612 -540.179 -2.96801
270100 181 343 0.527697 -529.245 -2.924
270150 180 343 0.524781 -525.257 -2.91809
270200 180 343 0.524781 -525.497 -2.91943
270250 180 343 0.524781 -524.555 -2.91419
270300 179 343 0.521866 -522.096 -2.91674
270350 179 343 0.521866 -524.635 -2.93092
270400 179 343 0.521866 -523.49 -2.92453
270450 179 343 0.521866 -523.552 -2.92487
270500 179 343 0.521866 -521.313 -2.91236
270550 177 343 0.516035 -517.725 -2.925
270600 178 343 0.51895 -519.282 -2.91731
270650 179 343 0.521866 -527.652 -2.94778
270700 179 343 0.521866 -532.197 -2.97317
270750 178 343 0.51895 -523.873 -2.94311
270800 177 343 0.516035 -527.125 -2.9781
270850 178 343 0.51895 -536.955 -3.0166
270900 177 343 0.516035 -532.078 -3.00609
270950 178 343 0.51895 -536.203 -3.01238
271000 178 343 0.51895 -537.553 -3.01996
271050 178 343 0.51895 -539.503 -3.03092
271100 178 343 0.51895 -535.045 -3.00587
271150 179 343 0.521866 -544.149 -3.03994
271200 178 343 0.51895 -538.724 -3.02654
271250 180 343 0.524781 -552.512 -3.06951
271300 180 343 0.524781 -547.006 -3.03892
271350 180 343 0.524781 -537.652 -2.98695
271400 180 343 0.524781 -543.985 -3.02214
271450 180 343 0.524781 -546.262 -3.03479
271500 181 343 0.527697 -552.89 -3.05464
271550 181 343 0.527697 -556.252 -3.07322
271600 181 343 0.527697 -558.399 -3.08508
271650 181 343 0.527697 -558.47 -3.08547
271700 181 343 0.527697 -560.628 -3.09739
271750 181 343 0.527697 -562.265 -3.10644
271800 181 343 0.527697 -557.747 -3.08148
271850 181 343 0.527697 -559.327 -3.0902
271900 181 343 0.527697 -554.995 -3.06627
271950 181 343 0.527697 -556.623 -3.07526
272000 182 343 0.530612 -562.844 -3.09255
272050 183 343 0.533528 -565.706 -3.09129
272100 183 343 0.533528 -564.693 -3.08575
272150 183 343 0.533528 -565.979 -3.09278
272200 182 343 0.530612 -558.528 -3.06883
272250 182 343 0.530612 -556.15 -3.05577
272300 181 343 0.527697 -550.942 -3.04388
272350 181 343 0.527697 -549.233 -3.03444
272400 182 343 0.530612 -549.763 -3.02067
272450 181 343 0.527697 -539.028 -2.97806
272500 181 343 0.527697 -539.973 -2.98327
272550 180 343 0.524781 -532.293 -2.95718
272600 180 343 0.524781 -536.826 -2.98237
272650 180 343 0.524781 -540.874 -3.00486
272700 181 343 0.527697 -545.075 -3.01146
272750 181 343 0.527697 -539.415 -2.98019
272800 183 343 0.533528 -547.147 -2.98988
272850 183 343 0.533528 -557.571 -3.04684
272900 186 343 0.542274 -576.009 -3.09682
272950 187 343 0.54519 -582.46 -3.11476
273000 186 343 0.542274 -577.4 -3.1043
273050 184 343 0.536443 -567.294 -3.08312
273100 184 343 0.536443 -569.822 -3.09686
273150 185 343 0.539359 -575.466 -3.11063
273200 185 343 0.539359 -571.722 -3.09039
273250 188 343 0.548105 -582.559 -3.09872
273300 189 343 0.55102 -581.063 -3.07441
273350 190 343 0.553936 -583.341 -3.07022
273400 189 343 0.55102 -582.655 -3.08283
273450 191 343 0.556851 -601.322 -3.14828
273500 192 343 0.559767 -609.65 -3.17526
273550 192 343 0.559767 -608.788 -3.17077
273600 189 343 0.55102 -587.473 -3.10832
273650 189 343 0.55102 -587.706 -3.10956
273700 189 343 0.55102 -591.631 -3.13032
273750 188 343 0.548105 -587.287 -3.12387
273800 187 343 0.54519 -580.601 -3.10482
273850 185 343 0.539359 -571.467 -3.08901
273900 184 343 0.536443 -565.434 -3.07301
273950 184 343 0.536443 -565.971 -3.07593
274000 184 343 0.536443 -567.008 -3.08157
274050 185 343 0.539359 -567.624 -3.06824
274100 185 343 0.539359 -566.993 -3.06483
274150 185 343 0.539359 -569.937 -3.08074
274200 187 343 0.54519 -582.816 -3.11666
274250 185 343 0.539359 -557.647 -3.01431
274300 185 343 0.539359 -549.657 -2.97112
274350 184 343 0.536443 -542.242 -2.94697
274400 183 343 0.533528 -538.703 -2.94373
274450 184 343 0.536443 -544.711 -2.96039
274500 184 343 0.536443 -543.902 -2.95599
274550 183 343 0.533528 -536.63 -2.9324
274600 182 343 0.530612 -531.838 -2.92219
274650 182 343 0.530612 -536.813 -2.94952
274700 184 343 0.536443 -546.756 -2.9715
274750 185 343 0.539359 -554.238 -2.99588
274800 184 343 0.536443 -554.682 -3.01458
274850 185 343 0.539359 -561.442 -3.03482
274900 185 343 0.539359 -562.367 -3.03982
274950 185 343 0.539359 -563.207 -3.04436
275000 185 343 0.539359 -564.74 -3.05265
275050 186 343 0.542274 -563.211 -3.02802
275100 187 343 0.54519 -580.552 -3.10456
275150 187 343 0.54519 -569.69 -3.04647
275200 187 343 0.54519 -572.288 -3.06036
275250 187 343 0.54519 -578.615 -3.0942
275300 186 343 0.542274 -570.899 -3.06935
275350 186 343 0.542274 -576.915 -3.1017
275400 188 343 0.548105 -584.905 -3.1112
275450 187 343 0.54519 -581.9 -3.11176
275500 186 343 0.542274 -578.777 -3.1117
275550 187 343 0.54519 -583.413 -3.11985
275600 187 343 0.54519 -591.001 -3.16043
275650 187 343 0.54519 -586.435 -3.13601
275700 187 343 0.54519 -580.364 -3.10355
275750 186 343 0.542274 -577.215 -3.10331
275800 185 343 0.539359 -575.831 -3.1126
275850 185 343 0.539359 -572.242 -3.0932
275900 185 343 0.539359 -576.53 -3.11638
275950 184 343 0.536443 -563.972 -3.06507
276000 183 343 0.533528 -562.374 -3.07308
276050 183 343 0.533528 -561.195 -3.06664
276100 182 343 0.530612 -558.203 -3.06705
276150 181 343 0.527697 -546.937 -3.02175
276200 180 343 0.524781 -542.31 -3.01283
276250 180 343 0.524781 -537.131 -2.98406
276300 180 343 0.524781 -540.444 -3.00247
276350 181 343 0.527697 -544.748 -3.00966
276400 180 343 0.524781 -542.821 -3.01567
276450 177 343 0.516035 -529.138 -2.98948
276500 176 343 0.51312 -530.976 -3.01691
276550 177 343 0.516035 -534.056 -3.01726
276600 177 343 0.516035 -530.34 -2.99627
276650 177 343 0.516035 -527.984 -2.98296
276700 178 343 0.51895 -531.078 -2.98358
276750 178 343 0.51895 -533.455 -2.99694
276800 180 343 0.524781 -541.105 -3.00614
276850 182 343 0.530612 -552.728 -3.03697
276900 183 343 0.533528 -555.209 -3.03393
276950 184 343 0.536443 -557.685 -3.0309
277000 181 343 0.527697 -543.869 -3.0048
277050 182 343 0.530612 -552.952 -3.0382
277100 183 343 0.533528 -553.479 -3.02448
277150 184 343 0.536443 -559.011 -3.03811
277200 183 343 0.533528 -552.475 -3.01899
277250 183 343 0.533528 -550.21 -3.00661
277300 185 343 0.539359 -556.276 -3.00689
277350 185 343 0.539359 -559.89 -3.02643
277400 185 343 0.539359 -565.924 -3.05905
277450 186 343 0.542274 -564.288 -3.0338
277500 186 343 0.542274 -557.456 -2.99707
277550 185 343 0.539359 -545.821 -2.95038
277600 184 343 0.536443 -535.649 -2.91114
277650 182 343 0.530612 -530.103 -2.91265
277700 184 343 0.536443 -542.345 -2.94753
277750 184 343 0.536443 -539.751 -2.93343
277800 183 343 0.533528 -541.788 -2.96059
277850 185 343 0.539359 -549.658 -2.97112
277900 183 343 0.533528 -547.154 -2.98991
277950 184 343 0.536443 -542.117 -2.94629
278000 184 343 0.536443 -543.111 -2.95169
278050 183 343 0.533528 -529.005 -2.89074
278100 183 343 0.533528 -526.949 -2.8795
278150 182 343 0.530612 -527.858 -2.90032
278200 182 343 0.530612 -531.309 -2.91928
278250 181 343 0.527697 -531.323 -2.93549
278300 181 343 0.527697 -536.727 -2.96534
278350 180 343 0.524781 -533.51 -2.96394
278400 183 343 0.533528 -545.867 -2.98288
278450 184 343 0.536443 -557.855 -3.03182
278500 184 343 0.536443 -556.167 -3.02265
278550 184 343 0.536443 -554.989 -3.01624
278600 185 343 0.539359 -566.284 -3.061
278650 185 343 0.539359 -566.986 -3.06479
278700 186 343 0.542274 -567.166 -3.04928
278750 185 343 0.539359 -556.201 -3.00649
278800 183 343 0.533528 -544.676 -2.97637
278850 183 343 0.533528 -539.919 -2.95037
278900 184 343 0.536443 -549.14 -2.98445
278950 183 343 0.533528 -537.738 -2.93846
279000 184 343 0.536443 -544.242 -2.95784
279050 184 343 0.536443 -545.997 -2.96737
279100 182 343 0.530612 -538.726 -2.96003
279150 182 343 0.530612 -539.018 -2.96164
279200 180 343 0.524781 -528.705 -2.93725
279250 180 343 0.524781 -529.436 -2.94131
279300 180 343 0.524781 -530.539 -2.94744
279350 180 343 0.524781 -522.406 -2.90225
279400 177 343 0.516035 -509.708 -2.87971
279450 176 343 0.51312 -508.869 -2.8913
279500 177 343 0.516035 -516.776 -2.91964
279550 177 343 0.516035 -519.792 -2.93668
279600 177 343 0.516035 -513.603 -2.90171
279650 176 343 0.51312 -506.853 -2.87984
279700 176 343 0.51312 -505.793 -2.87382
279750 174 343 0.507289 -502.48 -2.88782
279800 175 343 0.510204 -504.448 -2.88256
279850 175 343 0.510204 -502.35 -2.87057
279900 174 343 0.507289 -493.232 -2.83467
279950 178 343 0.51895 -505.257 -2.83852
280000 176 343 0.51312 -495.485 -2.81526
280050 174 343 0.507289 -485.133 -2.78812
280100 173 343 0.504373 -484.829 -2.80248
280150 173 343 0.504373 -481.498 -2.78323
280200 172 343 0.501458 -474.982 -2.76152
280250 172 343 0.501458 -467.055 -2.71544
280300 172 343 0.501458 -472.527 -2.74725
280350 172 343 0.501458 -471.408 -2.74074
280400 172 343 0.501458 -476.7 -2.77151
280450 173 343 0.504373 -479.435 -2.7713
280500 171 343 0.498542 -471.81 -2.75912
280550 171 343 0.498542 -465.271 -2.72088
280600 170 343 0.495627 -464.614 -2.73302
280650 170 343 0.495627 -459.078 -2.70046
280700 171 343 0.498542 -459.176 -2.68524
280750 168 343 0.489796 -444.026 -2.64301
280800 169 343 0.492711 -448.683 -2.65493
280850 168 343 0.489796 -446.742 -2.65918
280900 169 343 0.492711 -458.965 -2.71577
280950 169 343 0.492711 -457.859 -2.70922
281000 169 343 0.492711 -464.259 -2.74709
281050 169 343 0.492711 -461.607 -2.7314
281100 167 343 0.48688 -450.318 -2.69651
281150 169 343 0.492711 -459.775 -2.72056
281200 169 343 0.492711 -459.981 -2.72178
281250 169 343 0.492711 -454.998 -2.6923
281300 170 343 0.495627 -459.168 -2.70099
281350 171 343 0.498542 -463.253 -2.70908
281400 172 343 0.501458 -461.834 -2.68508
281450 172 343 0.501458 -473.334 -2.75194
281500 172 343 0.501458 -471.241 -2.73977
281550 171 343 0.498542 -469.697 -2.74676
281600 171 343 0.498542 -470.025 -2.74869
281650 171 343 0.498542 -472.608 -2.76379
281700 170 343 0.495627 -473.064 -2.78273
281750 173 343 0.504373 -483.995 -2.79766
281800 171 343 0.498542 -477.855 -2.79447
281850 170 343 0.495627 -474.545 -2.79144
281900 171 343 0.498542 -474.798 -2.7766
281950 171 343 0.498542 -471.704 -2.7585
282000 171 343 0.498542 -479.291 -2.80287
282050 170 343 0.495627 -475.933 -2.7996
282100 172 343 0.501458 -485.906 -2.82503
282150 170 343 0.495627 -473.818 -2.78716
282200 171 343 0.498542 -477.14 -2.79029
282250 173 343 0.504373 -480.369 -2.7767
282300 173 343 0.504373 -473.61 -2.73763
282350 172 343 0.501458 -468.589 -2.72435
282400 172 343 0.501458 -471.444 -2.74095
282450 172 343 0.501458 -469.35 -2.72878
282500 171 343 0.498542 -461.638 -2.69964
282550 171 343 0.498542 -462.372 -2.70393
282600 172 343 0.501458 -462.537 -2.68917
282650 173 343 0.504373 -465.08 -2.68832
282700 174 343 0.507289 -459.958 -2.64344
282750 174 343 0.507289 -460.76 -2.64804
282800 175 343 0.510204 -472.084 -2.69763
282850 174 343 0.507289 -465.41 -2.67477
282900 174 343 0.507289 -465.521 -2.67541
282950 174 343 0.507289 -460.532 -2.64674
283000 173 343 0.504373 -462.6 -2.67399
283050 173 343 0.504373 -460.745 -2.66326
283100 174 343 0.507289 -469.781 -2.69989
283150 174 343 0.507289 -472.348 -2.71465
283200 173 343 0.504373 -469.401 -2.7133
283250 174 343 0.507289 -481.595 -2.76779
283300 177 343 0.516035 -500.011 -2.82492
283350 177 343 0.516035 -500.361 -2.8269
283400 175 343 0.510204 -482.982 -2.7599
283450 175 343 0.510204 -485.494 -2.77425
283500 175 343 0.510204 -488.375 -2.79071
283550 176 343 0.51312 -496.134 -2.81894
283600 176 343 0.51312 -495.114 -2.81315
283650 176 343 0.51312 -495.408 -2.81482
283700 176 343 0.51312 -494.893 -2.81189
283750 176 343 0.51312 -494.399 -2.80908
283800 179 343 0.521866 -508.928 -2.84317
283850 180 343 0.524781 -505.554 -2.80863
283900 180 343 0.524781 -509.499 -2.83055
283950 179 343 0.521866 -504.351 -2.8176
284000 179 343 0.521866 -510.236 -2.85048
284050 178 343 0.51895 -507.339 -2.85022
284100 179 343 0.521866 -514.906 -2.87657
284150 180 343 0.524781 -524.178 -2.9121
284200 180 343 0.524781 -525.48 -2.91933
284250 178 343 0.51895 -514.056 -2.88795
284300 178 343 0.51895 -514.574 -2.89087
284350 178 343 0.51895 -523.95 -2.94354
284400 179 343 0.521866 -531.653 -2.97013
284450 180 343 0.524781 -531.287 -2.9516
284500 180 343 0.524781 -531.658 -2.95366
284550 181 343 0.527697 -532.097 -2.93976
284600 181 343 0.527697 -531.514 -2.93654
284650 180 343 0.524781 -529.881 -2.94378
284700 180 343 0.524781 -525.951 -2.92195
284750 181 343 0.527697 -519.086 -2.86788
284800 183 343 0.533528 -519.856 -2.84074
284850 183 343 0.533528 -515.331 -2.81601
284900 181 343 0.527697 -507.127 -2.80181
284950 184 343 0.536443 -516.261 -2.80577
285000 184 343 0.536443 -517.112 -2.81039
285050 183 343 0.533528 -519.125 -2.83675
285100 183 343 0.533528 -534.852 -2.92269
285150 182 343 0.530612 -532.096 -2.9236
285200 183 343 0.533528 -537.84 -2.93901
285250 183 343 0.533528 -543.168 -2.96813
285300 183 343 0.533528 -532.939 -2.91223
285350 183 343 0.533528 -534.854 -2.9227
285400 180 343 0.524781 -519.808 -2.88782
285450 180 343 0.524781 -532.535 -2.95853
285500 179 343 0.521866 -524.368 -2.92943
285550 181 343 0.527697 -524.604 -2.89836
285600 181 343 0.527697 -519.737 -2.87147
285650 181 343 0.527697 -514.917 -2.84484
285700 179 343 0.521866 -514.363 -2.87354
285750 178 343 0.51895 -518.279 -2.91168
285800 177 343 0.516035 -517.347 -2.92286
285850 178 343 0.51895 -518.89 -2.91511
285900 181 343 0.527697 -534.478 -2.95292
285950 179 343 0.521866 -522.545 -2.91925
286000 181 343 0.527697 -528.78 -2.92144
286050 180 343 0.524781 -525.283 -2.91824
286100 180 343 0.524781 -527.541 -2.93078
286150 180 343 0.524781 -523.728 -2.9096
286200 183 343 0.533528 -541.95 -2.96148
286250 184 343 0.536443 -546.194 -2.96845
286300 185 343 0.539359 -547.855 -2.96138
286350 183 343 0.533528 -546.575 -2.98675
286400 183 343 0.533528 -544.941 -2.97782
286450 183 343 0.533528 -549.063 -3.00034
286500 181 343 0.527697 -546.794 -3.02096
286550 181 343 0.527697 -547.403 -3.02432
286600 182 343 0.530612 -548.715 -3.01492
286650 181 343 0.527697 -543.586 -3.00324
286700 180 343 0.524781 -533.65 -2.96472
286750 180 343 0.524781 -536.152 -2.97862
286800 180 343 0.524781 -528.732 -2.9374
286850 179 343 0.521866 -531.887 -2.97143
286900 183 343 0.533528 -548.669 -2.99819
286950 184 343 0.536443 -550.64 -2.99261
287000 184 343 0.536443 -545.527 -2.96482
287050 185 343 0.539359 -551.273 -2.97986
287100 185 343 0.539359 -539.989 -2.91886
287150 184 343 0.536443 -539.461 -2.93185
287200 185 343 0.539359 -539.023 -2.91364
287250 186 343 0.542274 -539.647 -2.90133
287300 186 343 0.542274 -543.666 -2.92293
287350 186 343 0.542274 -546.97 -2.9407
287400 183 343 0.533528 -531.413 -2.90389
287450 181 343 0.527697 -524.399 -2.89723
287500 180 343 0.524781 -527.101 -2.92834
287550 180 343 0.524781 -525.475 -2.9193
287600 180 343 0.524781 -526.442 -2.92468
287650 179 343 0.521866 -526.511 -2.9414
287700 179 343 0.521866 -527.092 -2.94465
287750 178 343 0.51895 -525.029 -2.9496
287800 178 343 0.51895 -522.127 -2.9333
287850 178 343 0.51895 -522.151 -2.93343
287900 181 343 0.527697 -538.76 -2.97657
287950 181 343 0.527697 -539.612 -2.98128
288000 182 343 0.530612 -545.687 -2.99828
288050 182 343 0.530612 -545.677 -2.99823
288100 182 343 0.530612 -545.023 -2.99463
288150 182 343 0.530612 -547.728 -3.00949
288200 182 343 0.530612 -546.001 -3
288250 182 343 0.530612 -548.711 -3.01489
288300 184 343 0.536443 -549.253 -2.98507
288350 185 343 0.539359 -554.689 -2.99832
288400 185 343 0.539359 -548.012 -2.96223
288450 183 343 0.533528 -533.342 -2.91444
288500 181 343 0.527697 -538.106 -2.97296
288550 183 343 0.533528 -550.078 -3.00589
288600 182 343 0.530612 -540.537 -2.96998
288650 182 343 0.530612 -545.334 -2.99634
288700 181 343 0.527697 -541.74 -2.99304
288750 183 343 0.533528 -547.455 -2.99156
288800 183 343 0.533528 -540.36 -2.95279
288850 182 343 0.530612 -536.86 -2.94978
288900 182 343 0.530612 -533.606 -2.9319
288950 180 343 0.524781 -528.601 -2.93667
289000 181 343 0.527697 -531.912 -2.93874
289050 180 343 0.524781 -528.241 -2.93467
289100 180 343 0.524781 -525.532 -2.91962
289150 182 343 0.530612 -539.45 -2.96401
289200 182 343 0.530612 -536.366 -2.94707
289250 182 343 0.530612 -537.203 -2.95167
289300 183 343 0.533528 -534.051 -2.91831
289350 184 343 0.536443 -536.951 -2.91821
289400 183 343 0.533528 -536.051 -2.92924
289450 181 343 0.527697 -526.972 -2.91145
289500 180 343 0.524781 -526.473 -2.92485
289550 180 343 0.524781 -529.171 -2.93984
289600 180 343 0.524781 -529.938 -2.9441
289650 181 343 0.527697 -534.051 -2.95056
289700 181 343 0.527697 -536.536 -2.96429
289750 181 343 0.527697 -535.67 -2.9595
289800 181 343 0.527697 -539.458 -2.98043
289850 181 343 0.527697 -541.17 -2.98989
289900 181 343 0.527697 -540.246 -2.98478
289950 181 343 0.527697 -538.415 -2.97467
290000 180 343 0.524781 -533.904 -2.96613
290050 180 343 0.524781 -532.785 -2.95992
290100 180 343 0.524781 -530.168 -2.94538
290150 181 343 0.527697 -534.812 -2.95476
290200 181 343 0.527697 -532.24 -2.94055
290250 182 343 0.530612 -541.092 -2.97304
290300 183 343 0.533528 -548.143 -2.99532
290350 183 343 0.533528 -559.65 -3.0582
290400 183 343 0.533528 -556.931 -3.04334
290450 185 343 0.539359 -563.341 -3.04509
290500 184 343 0.536443 -546.213 -2.96855
290550 184 343 0.536443 -547.62 -2.9762
290600 185 343 0.539359 -554.282 -2.99612
290650 185 343 0.539359 -553.599 -2.99243
290700 185 343 0.539359 -554.025 -2.99473
290750 184 343 0.536443 -545.804 -2.96632
290800 184 343 0.536443 -550.794 -2.99344
290850 183 343 0.533528 -548.603 -2.99783
290900 185 343 0.539359 -555.805 -3.00435
290950 187 343 0.54519 -571.478 -3.05603
291000 187 343 0.54519 -572.293 -3.06039
291050 189 343 0.55102 -582.138 -3.08009
291100 190 343 0.553936 -583.861 -3.07295
291150 190 343 0.553936 -575.609 -3.02952
291200 190 343 0.553936 -577.232 -3.03806
291250 190 343 0.553936 -579.601 -3.05053
291300 191 343 0.556851 -588.098 -3.07905
291350 191 343 0.556851 -589.393 -3.08583
291400 192 343 0.559767 -588.226 -3.06368
291450 189 343 0.55102 -575.717 -3.04612
291500 189 343 0.55102 -576.209 -3.04873
291550 189 343 0.55102 -575.729 -3.04618
291600 189 343 0.55102 -575.269 -3.04375
291650 189 343 0.55102 -571.424 -3.02341
291700 190 343 0.553936 -571.831 -3.00964
291750 190 343 0.553936 -574.833 -3.02544
291800 188 343 0.548105 -555.244 -2.95343
291850 187 343 0.54519 -553.982 -2.96247
291900 186 343 0.542274 -555.598 -2.98709
291950 187 343 0.54519 -556.68 -2.9769
292000 187 343 0.54519 -552.95 -2.95695
292050 188 343 0.548105 -555.549 -2.95505
292100 189 343 0.55102 -567.48 -3.00254
292150 189 343 0.55102 -568.981 -3.01048
292200 189 343 0.55102 -556.685 -2.94542
292250 189 343 0.55102 -560.575 -2.96601
292300 190 343 0.553936 -564.151 -2.96922
292350 191 343 0.556851 -571.742 -2.99341
292400 191 343 0.556851 -572.575 -2.99778
292450 190 343 0.553936 -568.592 -2.99259
292500 190 343 0.553936 -571.873 -3.00986
292550 188 343 0.548105 -563.32 -2.99638
292600 187 343 0.54519 -573.988 -3.06946
292650 186 343 0.542274 -577.534 -3.10502
292700 186 343 0.542274 -573.07 -3.08102
292750 186 343 0.542274 -576.893 -3.10158
292800 188 343 0.548105 -585.429 -3.11399
292850 188 343 0.548105 -582.61 -3.09899
292900 189 343 0.55102 -591.169 -3.12788
292950 189 343 0.55102 -595.39 -3.15021
293000 191 343 0.556851 -597.526 -3.12841
293050 193 343 0.562682 -606.771 -3.14389
293100 191 343 0.556851 -593.829 -3.10905
293150 189 343 0.55102 -588.026 -3.11125
293200 189 343 0.55102 -587.608 -3.10904
293250 190 343 0.553936 -596.673 -3.14038
293300 190 343 0.553936 -597.602 -3.14527
293350 190 343 0.553936 -598.798 -3.15157
293400 190 343 0.553936 -600.672 -3.16143
293450 191 343 0.556851 -611.465 -3.20139
293500 191 343 0.556851 -607.37 -3.17995
293550 190 343 0.553936 -599.462 -3.15506
293600 190 343 0.553936 -601.664 -3.16665
293650 191 343 0.556851 -609.287 -3.18998
293700 192 343 0.559767 -612.521 -3.19021
293750 191 343 0.556851 -606.95 -3.17775
293800 191 343 0.556851 -604.224 -3.16347
293850 191 343 0.556851 -598.08 -3.13131
293900 191 343 0.556851 -592.049 -3.09973
293950 191 343 0.556851 -587.991 -3.07849
294000 188 343 0.548105 -574.801 -3.05745
294050 187 343 0.54519 -573.368 -3.06614
294100 185 343 0.539359 -557.378 -3.01286
294150 184 343 0.536443 -562.507 -3.0571
294200 185 343 0.539359 -566.715 -3.06333
294250 185 343 0.539359 -569.559 -3.0787
294300 185 343 0.539359 -569.481 -3.07828
294350 185 343 0.539359 -567.047 -3.06512
294400 187 343 0.54519 -579.908 -3.10111
294450 186 343 0.542274 -573.814 -3.08502
294500 187 343 0.54519 -584.23 -3.12422
294550 186 343 0.542274 -581.116 -3.12428
294600 185 343 0.539359 -574.532 -3.10558
294650 185 343 0.539359 -573.18 -3.09827
294700 184 343 0.536443 -568.176 -3.08791
294750 184 343 0.536443 -564.469 -3.06777
294800 185 343 0.539359 -572.196 -3.09295
294850 182 343 0.530612 -558.297 -3.06757
294900 179 343 0.521866 -544.6 -3.04246
294950 178 343 0.51895 -542.497 -3.04774
295000 178 343 0.51895 -539.802 -3.0326
295050 173 343 0.504373 -519.901 -3.00521
295100 174 343 0.507289 -517.071 -2.97167
295150 174 343 0.507289 -518.125 -2.97773
295200 172 343 0.501458 -511.432 -2.97344
295250 172 343 0.501458 -506.226 -2.94317
295300 174 343 0.507289 -511.607 -2.94027
295350 174 343 0.507289 -510.092 -2.93156
295400 176 343 0.51312 -515.21 -2.92733
295450 176 343 0.51312 -515.54 -2.92921
295500 176 343 0.51312 -526.358 -2.99067
295550 174 343 0.507289 -513.612 -2.95179
295600 174 343 0.507289 -508.234 -2.92088
295650 175 343 0.510204 -511.322 -2.92184
295700 175 343 0.510204 -509.059 -2.90891
295750 176 343 0.51312 -510.188 -2.89879
295800 173 343 0.504373 -499.12 -2.88509
295850 174 343 0.507289 -499.021 -2.86794
295900 176 343 0.51312 -506.034 -2.87519
295950 176 343 0.51312 -504.581 -2.86694
296000 178 343 0.51895 -510.156 -2.86605
296050 179 343 0.521866 -505.912 -2.82632
296100 179 343 0.521866 -508.741 -2.84213
296150 179 343 0.521866 -510.608 -2.85256
296200 178 343 0.51895 -503.152 -2.8267
296250 178 343 0.51895 -509.538 -2.86257
296300 179 343 0.521866 -516.325 -2.8845
296350 177 343 0.516035 -513.541 -2.90136
296400 178 343 0.51895 -508.563 -2.8571
296450 180 343 0.524781 -519.8 -2.88778
296500 181 343 0.527697 -524.742 -2.89912
296550 181 343 0.527697 -522.208 -2.88513
296600 181 343 0.527697 -526.975 -2.91146
296650 180 343 0.524781 -528.205 -2.93447
296700 183 343 0.533528 -540.426 -2.95315
296750 183 343 0.533528 -542.382 -2.96383
296800 185 343 0.539359 -547.636 -2.9602
296850 185 343 0.539359 -553.104 -2.98975
296900 184 343 0.536443 -543.239 -2.95239
296950 183 343 0.533528 -540.38 -2.9529
297000 183 343 0.533528 -540.662 -2.95444
297050 184 343 0.536443 -543.801 -2.95544
297100 184 343 0.536443 -538.452 -2.92637
297150 185 343 0.539359 -545.493 -2.94861
297200 186 343 0.542274 -566.624 -3.04637
297250 185 343 0.539359 -557.578 -3.01394
297300 184 343 0.536443 -551.782 -2.99882
297350 185 343 0.539359 -558.661 -3.01979
297400 184 343 0.536443 -561.875 -3.05367
297450 184 343 0.536443 -562.449 -3.05679
297500 183 343 0.533528 -557.579 -3.04688
297550 183 343 0.533528 -558.9 -3.0541
297600 184 343 0.536443 -563.307 -3.06145
297650 184 343 0.536443 -558.977 -3.03792
297700 182 343 0.530612 -548.305 -3.01266
297750 182 343 0.530612 -551.613 -3.03084
297800 182 343 0.530612 -551.049 -3.02774
297850 181 343 0.527697 -545.867 -3.01584
297900 180 343 0.524781 -542.367 -3.01315
297950 180 343 0.524781 -538.543 -2.9919
298000 181 343 0.527697 -538.52 -2.97525
298050 181 343 0.527697 -545.674 -3.01478
298100 180 343 0.524781 -534.61 -2.97005
298150 180 343 0.524781 -525.668 -2.92038
298200 180 343 0.524781 -529.582 -2.94212
298250 179 343 0.521866 -528.621 -2.95319
298300 177 343 0.516035 -529.553 -2.99183
298350 178 343 0.51895 -532.732 -2.99288
298400 178 343 0.51895 -531.731 -2.98725
298450 179 343 0.521866 -533.238 -2.97898
298500 180 343 0.524781 -537.941 -2.98856
298550 181 343 0.527697 -541.506 -2.99175
298600 183 343 0.533528 -549.792 -3.00433
298650 183 343 0.533528 -550.601 -3.00875
298700 184 343 0.536443 -552.987 -3.00537
298750 185 343 0.539359 -555.525 -3.00284
298800 186 343 0.542274 -563.096 -3.0274
298850 186 343 0.542274 -564.698 -3.03601
298900 186 343 0.542274 -563.167 -3.02778
298950 186 343 0.542274 -567.18 -3.04936
299000 188 343 0.548105 -577.887 -3.07387
299050 188 343 0.548105 -578.409 -3.07664
299100 188 343 0.548105 -575.209 -3.05962
299150 186 343 0.542274 -556.982 -2.99453
299200 185 343 0.539359 -555.13 -3.0007
299250 187 343 0.54519 -558.002 -2.98397
299300 187 343 0.54519 -558.443 -2.98633
299350 186 343 0.542274 -558.609 -3.00327
299400 186 343 0.542274 -564.409 -3.03446
299450 186 343 0.542274 -568.703 -3.05755
299500 185 343 0.539359 -562.045 -3.03808
299550 183 343 0.533528 -543.094 -2.96773
299600 185 343 0.539359 -555.12 -3.00065
299650 185 343 0.539359 -558.725 -3.02014
299700 185 343 0.539359 -557.416 -3.01306
299750 184 343 0.536443 -551.735 -2.99856
299800 182 343 0.530612 -547.14 -3.00626
299850 183 343 0.533528 -548.101 -2.99509
299900 185 343 0.539359 -565.971 -3.0593
299950 183 343 0.533528 -552.641 -3.0199
300000 184 343 0.536443 -556.43 -3.02408
300050 183 343 0.533528 -547.883 -2.9939
300100 183 343 0.533528 -552.106 -3.01698
300150 185 343 0.539359 -568.086 -3.07073
300200 185 343 0.539359 -564.59 -3.05184
300250 184 343 0.536443 -554.942 -3.01599
300300 185 343 0.539359 -556.233 -3.00667
300350 183 343 0.533528 -545.097 -2.97867
300400 181 343 0.527697 -529.27 -2.92414
300450 182 343 0.530612 -530.886 -2.91696
300500 182 343 0.530612 -526.647 -2.89367
300550 182 343 0.530612 -523.492 -2.87633
300600 181 343 0.527697 -531.477 -2.93634
300650 182 343 0.530612 -536.072 -2.94545
300700 183 343 0.533528 -540.208 -2.95196
300750 184 343 0.536443 -542.016 -2.94574
300800 183 343 0.533528 -535.238 -2.9248
300850 183 343 0.533528 -538.474 -2.94248
300900 185 343 0.539359 -544.573 -2.94364
300950 185 343 0.539359 -546.563 -2.9544
301000 187 343 0.54519 -556.081 -2.97369
301050 185 343 0.539359 -549.891 -2.97238
301100 184 343 0.536443 -552.243 -3.00132
301150 184 343 0.536443 -551.229 -2.99581
301200 184 343 0.536443 -550.605 -2.99242
301250 183 343 0.533528 -548.655 -2.99811
301300 182 343 0.530612 -542.555 -2.98107
301350 184 343 0.536443 -545.375 -2.964
301400 184 343 0.536443 -547.148 -2.97363
301450 180 343 0.524781 -527.392 -2.92995
301500 179 343 0.521866 -526.64 -2.94212
301550 177 343 0.516035 -522.614 -2.95262
301600 178 343 0.51895 -522.216 -2.9338
301650 178 343 0.51895 -522.043 -2.93283
301700 178 343 0.51895 -526.141 -2.95585
301750 178 343 0.51895 -525.177 -2.95043
301800 180 343 0.524781 -537.683 -2.98713
301850 177 343 0.516035 -526.585 -2.97506
301900 180 343 0.524781 -544.582 -3.02546
301950 180 343 0.524781 -538.261 -2.99034
302000 181 343 0.527697 -542.382 -2.99659
302050 181 343 0.527697 -548.47 -3.03022
302100 179 343 0.521866 -537.096 -3.00054
302150 179 343 0.521866 -533.109 -2.97826
302200 180 343 0.524781 -536.727 -2.98181
302250 180 343 0.524781 -533.461 -2.96367
302300 181 343 0.527697 -543.236 -3.00131
302350 181 343 0.527697 -542.513 -2.99731
302400 181 343 0.527697 -551.781 -3.04851
302450 182 343 0.530612 -558.772 -3.07018
302500 183 343 0.533528 -559.2 -3.05574
302550 183 343 0.533528 -561.357 -3.06753
302600 182 343 0.530612 -553.641 -3.04198
302650 181 343 0.527697 -550.122 -3.03935
302700 180 343 0.524781 -541.436 -3.00798
302750 181 343 0.527697 -540.294 -2.98505
302800 183 343 0.533528 -551.788 -3.01524
302850 184 343 0.536443 -557.101 -3.02772
302900 184 343 0.536443 -556.311 -3.02343
302950 186 343 0.542274 -566.282 -3.04453
303000 185 343 0.539359 -560.116 -3.02766
303050 183 343 0.533528 -550.587 -3.00867
303100 184 343 0.536443 -552 -3
303150 184 343 0.536443 -556.017 -3.02183
303200 183 343 0.533528 -551.297 -3.01255
303250 182 343 0.530612 -545.623 -2.99793
303300 184 343 0.536443 -556.195 -3.0228
303350 184 343 0.536443 -553.623 -3.00882
303400 183 343 0.533528 -546.456 -2.9861
303450 184 343 0.536443 -549.086 -2.98416
303500 183 343 0.533528 -545.281 -2.97968
303550 183 343 0.533528 -540.654 -2.95439
303600 183 343 0.533528 -534.609 -2.92136
303650 182 343 0.530612 -537.609 -2.9539
303700 181 343 0.527697 -534.53 -2.9532
303750 182 343 0.530612 -549.349 -3.0184
303800 181 343 0.527697 -541.304 -2.99063
303850 181 343 0.527697 -542.786 -2.99882
303900 181 343 0.527697 -541.504 -2.99174
303950 179 343 0.521866 -530.209 -2.96206
304000 180 343 0.524781 -537.22 -2.98456
304050 181 343 0.527697 -538.617 -2.97578
304100 182 343 0.530612 -544.378 -2.99109
304150 182 343 0.530612 -539.846 -2.96619
304200 182 343 0.530612 -532.89 -2.92797
304250 184 343 0.536443 -545.276 -2.96345
304300 183 343 0.533528 -547.347 -2.99097
304350 181 343 0.527697 -547.312 -3.02382
304400 182 343 0.530612 -553.172 -3.0394
304450 184 343 0.536443 -563.1 -3.06033
304500 185 343 0.539359 -565.001 -3.05406
304550 184 343 0.536443 -564.215 -3.06639
304600 185 343 0.539359 -565.55 -3.05702
304650 185 343 0.539359 -565.547 -3.05701
304700 186 343 0.542274 -571.048 -3.07015
304750 186 343 0.542274 -575.464 -3.09389
304800 185 343 0.539359 -572.897 -3.09674
304850 186 343 0.542274 -577.778 -3.10633
304900 185 343 0.539359 -571.267 -3.08793
304950 184 343 0.536443 -565.627 -3.07406
305000 183 343 0.533528 -555.655 -3.03637
305050 183 343 0.533528 -548.894 -2.99942
305100 181 343 0.527697 -546.348 -3.0185
305150 183 343 0.533528 -551.333 -3.01275
305200 185 343 0.539359 -562.021 -3.03795
305250 184 343 0.536443 -558.515 -3.03541
305300 185 343 0.539359 -563.741 -3.04725
305350 183 343 0.533528 -561.22 -3.06677
305400 181 343 0.527697 -550.265 -3.04014
305450 182 343 0.530612 -553.385 -3.04058
305500 183 343 0.533528 -548.574 -2.99767
305550 183 343 0.533528 -556.417 -3.04053
305600 182 343 0.530612 -554.174 -3.04491
305650 182 343 0.530612 -559.921 -3.07649
305700 183 343 0.533528 -560.883 -3.06494
305750 184 343 0.536443 -554.552 -3.01387
305800 183 343 0.533528 -551.939 -3.01606
305850 181 343 0.527697 -536.599 -2.96464
305900 180 343 0.524781 -528.918 -2.93843
305950 178 343 0.51895 -522.256 -2.93402
306000 179 343 0.521866 -525.822 -2.93755
306050 179 343 0.521866 -526.239 -2.93988
306100 179 343 0.521866 -526.976 -2.944
306150 180 343 0.524781 -539.712 -2.9984
306200 181 343 0.527697 -544.166 -3.00644
306250 181 343 0.527697 -550.727 -3.04269
306300 183 343 0.533528 -557.223 -3.04493
306350 182 343 0.530612 -546.15 -3.00082
306400 183 343 0.533528 -551.628 -3.01436
306450 184 343 0.536443 -551.155 -2.99541
306500 184 343 0.536443 -549.752 -2.98778
306550 183 343 0.533528 -553.679 -3.02557
306600 183 343 0.533528 -553.372 -3.02389
306650 184 343 0.536443 -562.792 -3.05865
306700 185 343 0.539359 -565.952 -3.0592
306750 181 343 0.527697 -542.72 -2.99845
306800 180 343 0.524781 -541.002 -3.00557
306850 178 343 0.51895 -535.649 -3.00926
306900 178 343 0.51895 -527.004 -2.9607
306950 178 343 0.51895 -522.939 -2.93786
307000 178 343 0.51895 -520.252 -2.92276
307050 177 343 0.516035 -516.515 -2.91817
307100 176 343 0.51312 -515.65 -2.92983
307150 176 343 0.51312 -519.457 -2.95146
307200 176 343 0.51312 -521.565 -2.96344
307250 175 343 0.510204 -517.475 -2.957
307300 178 343 0.51895 -531.005 -2.98317
307350 176 343 0.51312 -522.284 -2.96752
307400 177 343 0.516035 -530.227 -2.99563
307450 175 343 0.510204 -519.122 -2.96641
307500 177 343 0.516035 -528.486 -2.9858
307550 177 343 0.516035 -530.98 -2.99989
307600 178 343 0.51895 -530.063 -2.97788
307650 179 343 0.521866 -534.739 -2.98737
307700 181 343 0.527697 -545.826 -3.01561
307750 182 343 0.530612 -543.99 -2.98896
307800 184 343 0.536443 -543.726 -2.95503
307850 183 343 0.533528 -531.447 -2.90408
307900 184 343 0.536443 -532.48 -2.89391
307950 184 343 0.536443 -531.941 -2.89098
308000 184 343 0.536443 -533.068 -2.89711
308050 184 343 0.536443 -530.721 -2.88436
308100 184 343 0.536443 -532.807 -2.89569
308150 183 343 0.533528 -535.77 -2.92771
308200 184 343 0.536443 -548.228 -2.9795
308250 181 343 0.527697 -541.076 -2.98937
308300 182 343 0.530612 -544.537 -2.99196
308350 181 343 0.527697 -540.458 -2.98596
308400 183 343 0.533528 -549.409 -3.00223
308450 187 343 0.54519 -568.753 -3.04146
308500 186 343 0.542274 -560.358 -3.01268
308550 185 343 0.539359 -550.728 -2.97691
308600 185 343 0.539359 -546.742 -2.95536
308650 185 343 0.539359 -547.325 -2.95851
308700 185 343 0.539359 -551.897 -2.98323
308750 185 343 0.539359 -548.688 -2.96588
308800 184 343 0.536443 -546.441 -2.96979
308850 186 343 0.542274 -556.231 -2.99049
308900 186 343 0.542274 -556.557 -2.99224
308950 187 343 0.54519 -563.249 -3.01203
309000 189 343 0.55102 -584.145 -3.09072
309050 190 343 0.553936 -590.46 -3.10768
309100 192 343 0.559767 -597.27 -3.11078
309150 193 343 0.562682 -598.084 -3.09888
309200 192 343 0.559767 -583.494 -3.03903
309250 193 343 0.562682 -580.765 -3.00914
309300 194 343 0.565598 -590.967 -3.04622
309350 193 343 0.562682 -591.676 -3.06568
309400 194 343 0.565598 -599.103 -3.08816
309450 194 343 0.565598 -604.968 -3.11839
309500 194 343 0.565598 -606.734 -3.1275
309550 194 343 0.565598 -614.607 -3.16808
309600 195 343 0.568513 -620.03 -3.17964
309650 195 343 0.568513 -619.602 -3.17744
309700 195 343 0.568513 -623.081 -3.19529
309750 196 343 0.571429 -635.522 -3.24246
309800 196 343 0.571429 -630.014 -3.21436
309850 197 343 0.574344 -636.065 -3.22876
309900 199 343 0.580175 -649.534 -3.26399
309950 199 343 0.580175 -650.333 -3.26801
310000 198 343 0.577259 -640.311 -3.2339
310050 198 343 0.577259 -637.294 -3.21866
310100 196 343 0.571429 -638.211 -3.25618
310150 196 343 0.571429 -637.161 -3.25082
310200 195 343 0.568513 -639.406 -3.279
310250 194 343 0.565598 -639.13 -3.29448
310300 194 343 0.565598 -637.627 -3.28674
310350 196 343 0.571429 -646.035 -3.2961
310400 196 343 0.571429 -642.421 -3.27766
310450 196 343 0.571429 -641.763 -3.2743
310500 196 343 0.571429 -640.76 -3.26918
310550 198 343 0.577259 -648.203 -3.27375
310600 198 343 0.577259 -654.587 -3.30599
310650 197 343 0.574344 -651.11 -3.30513
310700 198 343 0.577259 -653.068 -3.29832
310750 199 343 0.580175 -651.857 -3.27566
310800 199 343 0.580175 -647.934 -3.25595
310850 198 343 0.577259 -637.247 -3.21842
310900 198 343 0.577259 -639.557 -3.23009
310950 198 343 0.577259 -641.319 -3.23898
311000 197 343 0.574344 -635.559 -3.22619
311050 198 343 0.577259 -636.665 -3.21548
311100 197 343 0.574344 -632.843 -3.2124
311150 196 343 0.571429 -628.793 -3.20813
311200 196 343 0.571429 -631.641 -3.22266
311250 195 343 0.568513 -625.897 -3.20973
311300 195 343 0.568513 -627.367 -3.21727
311350 196 343 0.571429 -636.052 -3.24516
311400 196 343 0.571429 -630.342 -3.21603
311450 195 343 0.568513 -629.986 -3.2307
311500 194 343 0.565598 -625.73 -3.22541
311550 191 343 0.556851 -616.205 -3.2262
311600 191 343 0.556851 -610.577 -3.19674
311650 190 343 0.553936 -606.679 -3.19305
311700 190 343 0.553936 -603.924 -3.17855
311750 191 343 0.556851 -611.039 -3.19916
311800 192 343 0.559767 -614.592 -3.201
311850 192 343 0.559767 -611.074 -3.18268
311900 193 343 0.562682 -612.067 -3.17133
311950 193 343 0.562682 -605.077 -3.13511
312000 193 343 0.562682 -604.986 -3.13464
312050 191 343 0.556851 -597.16 -3.12649
312100 192 343 0.559767 -601.598 -3.13332
312150 192 343 0.559767 -599.997 -3.12499
312200 192 343 0.559767 -603.161 -3.14146
312250 189 343 0.55102 -582.039 -3.07957
312300 188 343 0.548105 -579.607 -3.08301
312350 187 343 0.54519 -573.341 -3.066
312400 187 343 0.54519 -578.22 -3.09209
312450 187 343 0.54519 -576.346 -3.08207
312500 188 343 0.548105 -585.978 -3.11691
312550 190 343 0.553936 -598.894 -3.15207
312600 188 343 0.548105 -587.372 -3.12432
312650 187 343 0.54519 -581.139 -3.1077
312700 186 343 0.542274 -583.836 -3.1389
312750 186 343 0.542274 -594.152 -3.19437
312800 188 343 0.548105 -603.393 -3.20954
312850 187 343 0.54519 -597.439 -3.19486
312900 186 343 0.542274 -588.354 -3.16319
312950 185 343 0.539359 -584.876 -3.16149
313000 185 343 0.539359 -584.526 -3.1596
313050 186 343 0.542274 -578.179 -3.10849
313100 183 343 0.533528 -568.094 -3.10434
313150 183 343 0.533528 -568.055 -3.10413
313200 183 343 0.533528 -570.862 -3.11946
313250 185 343 0.539359 -580.015 -3.13522
313300 185 343 0.539359 -583.05 -3.15162
313350 183 343 0.533528 -578.627 -3.16189
313400 183 343 0.533528 -577.983 -3.15838
313450 185 343 0.539359 -585.74 -3.16616
313500 185 343 0.539359 -576.497 -3.1162
313550 185 343 0.539359 -577.353 -3.12083
313600 186 343 0.542274 -579.031 -3.11307
313650 186 343 0.542274 -574.915 -3.09094
313700 187 343 0.54519 -570.859 -3.05272
313750 188 343 0.548105 -579.627 -3.08312
313800 189 343 0.55102 -576.009 -3.04766
313850 190 343 0.553936 -590.869 -3.10984
313900 190 343 0.553936 -593.612 -3.12427
313950 188 343 0.548105 -586.002 -3.11703
314000 188 343 0.548105 -591.952 -3.14868
314050 189 343 0.55102 -591.002 -3.127
314100 187 343 0.54519 -582.815 -3.11666
314150 187 343 0.54519 -585.307 -3.12998
314200 187 343 0.54519 -581.906 -3.1118
314250 187 343 0.54519 -579.912 -3.10113
314300 185 343 0.539359 -579.496 -3.13241
314350 187 343 0.54519 -590.358 -3.15699
314400 187 343 0.54519 -593.779 -3.17529
314450 187 343 0.54519 -590.476 -3.15763
314500 187 343 0.54519 -586.305 -3.13532
314550 187 343 0.54519 -583.031 -3.11781
314600 189 343 0.55102 -591.715 -3.13077
314650 191 343 0.556851 -602.94 -3.15676
314700 193 343 0.562682 -602.955 -3.12412
314750 192 343 0.559767 -594.195 -3.09477
314800 192 343 0.559767 -597.575 -3.11237
314850 192 343 0.559767 -599.817 -3.12405
314900 193 343 0.562682 -603.048 -3.1246
314950 193 343 0.562682 -601.715 -3.11769
315000 192 343 0.559767 -601.365 -3.13211
315050 192 343 0.559767 -604.081 -3.14625
315100 192 343 0.559767 -598.548 -3.11744
315150 192 343 0.559767 -595.985 -3.10409
315200 193 343 0.562682 -604.373 -3.13147
315250 194 343 0.565598 -604.227 -3.11457
315300 194 343 0.565598 -603.966 -3.11323
315350 195 343 0.568513 -608.004 -3.11797
315400 195 343 0.568513 -603.796 -3.09639
315450 197 343 0.574344 -619.224 -3.14327
315500 197 343 0.574344 -626.278 -3.17908
315550 196 343 0.571429 -623.432 -3.18077
315600 197 343 0.574344 -638.629 -3.24177
315650 199 343 0.580175 -648.035 -3.25646
315700 199 343 0.580175 -652.628 -3.27954
315750 200 343 0.58309 -653.338 -3.26669
315800 201 343 0.586006 -659.181 -3.27951
315850 200 343 0.58309 -651.587 -3.25793
315900 200 343 0.58309 -654.853 -3.27426
315950 198 343 0.577259 -640.473 -3.23471
316000 198 343 0.577259 -638.043 -3.22244
316050 198 343 0.577259 -638.408 -3.22428
316100 198 343 0.577259 -644.767 -3.2564
316150 199 343 0.580175 -653.613 -3.28448
316200 200 343 0.58309 -656.264 -3.28132
316250 200 343 0.58309 -655.739 -3.27869
316300 201 343 0.586006 -662.075 -3.29391
316350 201 343 0.586006 -664.385 -3.3054
316400 200 343 0.58309 -658.303 -3.29151
316450 200 343 0.58309 -658.422 -3.29211
316500 200 343 0.58309 -655.537 -3.27768
316550 200 343 0.58309 -655.834 -3.27917
316600 201 343 0.586006 -659.665 -3.28191
316650 201 343 0.586006 -653.425 -3.25087
316700 201 343 0.586006 -651.823 -3.2429
316750 200 343 0.58309 -646.66 -3.2333
316800 200 343 0.58309 -644.21 -3.22105
316850 200 343 0.58309 -648.299 -3.2415
316900 200 343 0.58309 -645.655 -3.22827
316950 198 343 0.577259 -637.091 -3.21763
317000 197 343 0.574344 -634.574 -3.22119
317050 198 343 0.577259 -641.783 -3.24133
317100 199 343 0.580175 -652.337 -3.27807
317150 199 343 0.580175 -646.719 -3.24985
317200 200 343 0.58309 -652.664 -3.26332
317250 199 343 0.580175 -650.305 -3.26786
317300 197 343 0.574344 -645.095 -3.2746
317350 197 343 0.574344 -643.579 -3.2669
317400 197 343 0.574344 -642.727 -3.26257
317450 196 343 0.571429 -640.596 -3.26835
317500 197 343 0.574344 -647.751 -3.28808
317550 199 343 0.580175 -655.998 -3.29647
317600 200 343 0.58309 -657.551 -3.28776
317650 198 343 0.577259 -652.06 -3.29323
317700 198 343 0.577259 -645.59 -3.26056
317750 198 343 0.577259 -649.988 -3.28277
317800 197 343 0.574344 -637.865 -3.23789
317850 197 343 0.574344 -644.625 -3.27221
317900 197 343 0.574344 -647.56 -3.28711
317950 196 343 0.571429 -645.873 -3.29527
318000 196 343 0.571429 -644.313 -3.28731
318050 196 343 0.571429 -646.017 -3.296
318100 196 343 0.571429 -644.547 -3.2885
318150 196 343 0.571429 -641.195 -3.2714
318200 194 343 0.565598 -641.281 -3.30557
318250 195 343 0.568513 -647.967 -3.32291
318300 195 343 0.568513 -645.133 -3.30837
318350 192 343 0.559767 -628.68 -3.27437
318400 192 343 0.559767 -626.992 -3.26558
318450 192 343 0.559767 -620.472 -3.23162
318500 191 343 0.556851 -604.439 -3.1646
318550 194 343 0.565598 -613.533 -3.16254
318600 192 343 0.559767 -605.932 -3.1559
318650 193 343 0.562682 -610.002 -3.16063
318700 192 343 0.559767 -614.481 -3.20042
318750 193 343 0.562682 -612.263 -3.17235
318800 192 343 0.559767 -611.155 -3.1831
318850 191 343 0.556851 -611.147 -3.19972
318900 191 343 0.556851 -608.424 -3.18546
318950 191 343 0.556851 -604.609 -3.16549
319000 189 343 0.55102 -597.593 -3.16187
319050 188 343 0.548105 -595.638 -3.16829
319100 187 343 0.54519 -585.203 -3.12943
319150 186 343 0.542274 -578.839 -3.11204
319200 186 343 0.542274 -574.969 -3.09123
319250 188 343 0.548105 -587.18 -3.1233
319300 187 343 0.54519 -577.046 -3.08581
319350 185 343 0.539359 -568.879 -3.07502
319400 185 343 0.539359 -569.093 -3.07618
319450 184 343 0.536443 -568.226 -3.08818
319500 184 343 0.536443 -566.593 -3.07931
319550 183 343 0.533528 -562.817 -3.0755
319600 182 343 0.530612 -558.138 -3.06669
319650 181 343 0.527697 -548.014 -3.0277
319700 181 343 0.527697 -547.553 -3.02515
319750 182 343 0.530612 -553.366 -3.04047
319800 182 343 0.530612 -554.483 -3.04661
319850 180 343 0.524781 -538.725 -2.99292
319900 179 343 0.521866 -528.841 -2.95442
319950 179 343 0.521866 -535.189 -2.98988
320000 179 343 0.521866 -527.879 -2.94904
320050 181 343 0.527697 -536.128 -2.96204
320100 180 343 0.524781 -541.059 -3.00588
320150 180 343 0.524781 -542.871 -3.01595
320200 180 343 0.524781 -546.932 -3.03851
320250 182 343 0.530612 -558.777 -3.0702
320300 182 343 0.530612 -555.597 -3.05273
320350 183 343 0.533528 -564.855 -3.08664
320400 183 343 0.533528 -561.419 -3.06786
320450 182 343 0.530612 -561.121 -3.08308
320500 182 343 0.530612 -565.419 -3.1067
320550 183 343 0.533528 -571.693 -3.12401
320600 183 343 0.533528 -574.867 -3.14135
320650 184 343 0.536443 -579.828 -3.15124
320700 183 343 0.533528 -578.126 -3.15916
320750 183 343 0.533528 -576.175 -3.1485
320800 185 343 0.539359 -586.687 -3.17128
320850 185 343 0.539359 -584.404 -3.15894
320900 184 343 0.536443 -579.53 -3.14962
320950 183 343 0.533528 -573.843 -3.13575
321000 184 343 0.536443 -580.568 -3.15526
321050 183 343 0.533528 -581.336 -3.1767
321100 183 343 0.533528 -575.478 -3.14469
321150 182 343 0.530612 -567.466 -3.11795
321200 183 343 0.533528 -566.461 -3.09542
321250 182 343 0.530612 -561.151 -3.08325
321300 181 343 0.527697 -549.792 -3.03753
321350 180 343 0.524781 -550.933 -3.06074
321400 180 343 0.524781 -549.347 -3.05193
321450 180 343 0.524781 -544.535 -3.0252
321500 182 343 0.530612 -549.954 -3.02173
321550 182 343 0.530612 -554.132 -3.04468
321600 181 343 0.527697 -545.298 -3.01269
321650 180 343 0.524781 -538.655 -2.99253
321700 179 343 0.521866 -537.769 -3.0043
321750 179 343 0.521866 -537.29 -3.00162
321800 180 343 0.524781 -548.509 -3.04727
321850 183 343 0.533528 -554.074 -3.02773
321900 183 343 0.533528 -554.579 -3.03049
321950 182 343 0.530612 -551.746 -3.03157
322000 182 343 0.530612 -545.881 -2.99934
322050 184 343 0.536443 -556.023 -3.02187
322100 183 343 0.533528 -555.665 -3.03642
322150 184 343 0.536443 -558.275 -3.03411
322200 183 343 0.533528 -549.353 -3.00193
322250 185 343 0.539359 -564.891 -3.05346
322300 185 343 0.539359 -564.201 -3.04974
322350 187 343 0.54519 -565.021 -3.0215
322400 187 343 0.54519 -561.749 -3.00401
322450 185 343 0.539359 -556.062 -3.00574
322500 180 343 0.524781 -540.79 -3.00439
322550 181 343 0.527697 -541.067 -2.98932
322600 182 343 0.530612 -547.725 -3.00948
322650 183 343 0.533528 -549.178 -3.00097
322700 184 343 0.536443 -549.82 -2.98815
322750 184 343 0.536443 -547.5 -2.97555
322800 184 343 0.536443 -544.905 -2.96144
322850 186 343 0.542274 -547.079 -2.94129
322900 186 343 0.542274 -550.856 -2.96159
322950 183 343 0.533528 -539.993 -2.95078
323000 182 343 0.530612 -536.354 -2.947
323050 183 343 0.533528 -540.293 -2.95242
323100 182 343 0.530612 -538.558 -2.95911
323150 183 343 0.533528 -546.043 -2.98384
323200 183 343 0.533528 -539.582 -2.94853
323250 183 343 0.533528 -545.716 -2.98205
323300 183 343 0.533528 -538.282 -2.94143
323350 182 343 0.530612 -534.736 -2.93811
323400 183 343 0.533528 -539.163 -2.94624
323450 184 343 0.536443 -545.268 -2.96341
323500 183 343 0.533528 -536.844 -2.93357
323550 184 343 0.536443 -541.779 -2.94445
323600 183 343 0.533528 -541.105 -2.95686
323650 183 343 0.533528 -537.12 -2.93508
323700 181 343 0.527697 -528.989 -2.92259
323750 182 343 0.530612 -531.807 -2.92202
323800 182 343 0.530612 -531.472 -2.92017
323850 181 343 0.527697 -527.339 -2.91347
323900 181 343 0.527697 -530.145 -2.92898
323950 180 343 0.524781 -523 -2.90556
324000 180 343 0.524781 -528.737 -2.93743
324050 180 343 0.524781 -525.359 -2.91866
324100 178 343 0.51895 -510.064 -2.86553
324150 178 343 0.51895 -512.994 -2.88199
324200 178 343 0.51895 -511.843 -2.87552
324250 176 343 0.51312 -503.946 -2.86333
324300 175 343 0.510204 -506.617 -2.89496
324350 175 343 0.510204 -508.179 -2.90388
324400 174 343 0.507289 -498.652 -2.86582
324450 174 343 0.507289 -500.148 -2.87442
324500 175 343 0.510204 -504.728 -2.88416
324550 176 343 0.51312 -508.742 -2.89058
324600 178 343 0.51895 -517.837 -2.9092
324650 178 343 0.51895 -514.929 -2.89286
324700 178 343 0.51895 -514.953 -2.89299
324750 177 343 0.516035 -503.949 -2.84717
324800 176 343 0.51312 -502.634 -2.85588
324850 176 343 0.51312 -494.56 -2.81
324900 176 343 0.51312 -494.95 -2.81221
324950 176 343 0.51312 -499.348 -2.8372
325000 176 343 0.51312 -502.132 -2.85302
325050 174 343 0.507289 -488.426 -2.80704
325100 171 343 0.498542 -479.047 -2.80145
325150 173 343 0.504373 -479.764 -2.7732
325200 175 343 0.510204 -492.786 -2.81592
325250 176 343 0.51312 -496.203 -2.81934
325300 177 343 0.516035 -511.678 -2.89083
325350 176 343 0.51312 -503.978 -2.86351
325400 178 343 0.51895 -505.512 -2.83995
325450 178 343 0.51895 -504.027 -2.83162
325500 176 343 0.51312 -494.876 -2.81179
325550 176 343 0.51312 -493.111 -2.80177
325600 177 343 0.516035 -497.864 -2.81279
325650 176 343 0.51312 -489.598 -2.78181
325700 177 343 0.516035 -494.692 -2.79487
325750 177 343 0.516035 -505.233 -2.85442
325800 180 343 0.524781 -515.565 -2.86425
325850 182 343 0.530612 -527.135 -2.89635
325900 181 343 0.527697 -516.236 -2.85213
325950 182 343 0.530612 -529.05 -2.90687
326000 182 343 0.530612 -522.766 -2.87234
326050 182 343 0.530612 -522.287 -2.86971
326100 182 343 0.530612 -530.622 -2.9155
326150 180 343 0.524781 -525.476 -2.91931
326200 179 343 0.521866 -526.263 -2.94002
326250 179 343 0.521866 -521.438 -2.91306
326300 179 343 0.521866 -521.953 -2.91594
326350 177 343 0.516035 -509.185 -2.87675
326400 178 343 0.51895 -504.689 -2.83533
326450 179 343 0.521866 -509.806 -2.84808
326500 178 343 0.51895 -514.723 -2.8917
326550 178 343 0.51895 -507.003 -2.84833
326600 176 343 0.51312 -503.506 -2.86083
326650 177 343 0.516035 -505.499 -2.85593
326700 175 343 0.510204 -505.156 -2.88661
326750 173 343 0.504373 -494.333 -2.85742
326800 171 343 0.498542 -494.724 -2.89312
326850 172 343 0.501458 -487.688 -2.8354
326900 173 343 0.504373 -489.598 -2.83005
326950 173 343 0.504373 -485.756 -2.80784
327000 172 343 0.501458 -487.689 -2.8354
327050 176 343 0.51312 -490.147 -2.78492
327100 177 343 0.516035 -488.55 -2.76017
327150 178 343 0.51895 -493.295 -2.77132
327200 178 343 0.51895 -501.45 -2.81714
327250 179 343 0.521866 -511.088 -2.85524
327300 180 343 0.524781 -516.733 -2.87074
327350 181 343 0.527697 -525.767 -2.90479
327400 183 343 0.533528 -535.915 -2.9285
327450 183 343 0.533528 -535.992 -2.92892
327500 182 343 0.530612 -544.985 -2.99442
327550 183 343 0.533528 -541.902 -2.96121
327600 184 343 0.536443 -545.397 -2.96411
327650 185 343 0.539359 -552.109 -2.98437
327700 186 343 0.542274 -555.302 -2.98549
327750 188 343 0.548105 -565.873 -3.00996
327800 186 343 0.542274 -560.321 -3.01248
327850 187 343 0.54519 -568.026 -3.03757
327900 187 343 0.54519 -568.115 -3.03805
327950 185 343 0.539359 -563.622 -3.0466
328000 186 343 0.542274 -561.832 -3.0206
328050 185 343 0.539359 -556.506 -3.00814
328100 184 343 0.536443 -553.561 -3.00848
328150 184 343 0.536443 -553.839 -3.01
328200 183 343 0.533528 -549.631 -3.00345
328250 185 343 0.539359 -555.203 -3.0011
328300 188 343 0.548105 -562.539 -2.99223
328350 189 343 0.55102 -569.761 -3.01461
328400 189 343 0.55102 -568.318 -3.00697
328450 189 343 0.55102 -567.723 -3.00382
328500 192 343 0.559767 -587.519 -3.05999
328550 192 343 0.559767 -590.52 -3.07562
328600 191 343 0.556851 -589.51 -3.08644
328650 190 343 0.553936 -580.905 -3.05739
328700 190 343 0.553936 -579.954 -3.05239
328750 190 343 0.553936 -573.073 -3.01617
328800 191 343 0.556851 -571.342 -2.99132
328850 190 343 0.553936 -567.397 -2.9863
328900 190 343 0.553936 -569.365 -2.99666
328950 190 343 0.553936 -569.416 -2.99693
329000 189 343 0.55102 -570.326 -3.0176
329050 187 343 0.54519 -563.827 -3.01512
329100 187 343 0.54519 -562.254 -3.0067
329150 186 343 0.542274 -563.703 -3.03066
329200 185 343 0.539359 -557.665 -3.0144
329250 184 343 0.536443 -546.704 -2.97122
329300 183 343 0.533528 -541.769 -2.96049
329350 183 343 0.533528 -540.927 -2.95589
329400 183 343 0.533528 -534.272 -2.91952
329450 182 343 0.530612 -538.876 -2.96086
329500 182 343 0.530612 -535.935 -2.9447
329550 182 343 0.530612 -537.21 -2.9517
329600 182 343 0.530612 -534.636 -2.93756
329650 181 343 0.527697 -524.98 -2.90044
329700 183 343 0.533528 -526.771 -2.87853
329750 180 343 0.524781 -519.973 -2.88874
329800 179 343 0.521866 -515.788 -2.8815
329850 179 343 0.521866 -510.519 -2.85206
329900 179 343 0.521866 -512.103 -2.86091
329950 179 343 0.521866 -516.749 -2.88687
330000 180 343 0.524781 -512.537 -2.84743
330050 181 343 0.527697 -521.719 -2.88242
330100 180 343 0.524781 -518.289 -2.87939
330150 181 343 0.527697 -528.876 -2.92197
330200 183 343 0.533528 -531.968 -2.90693
330250 184 343 0.536443 -540.938 -2.93988
330300 185 343 0.539359 -541.947 -2.92945
330350 187 343 0.54519 -552.168 -2.95277
330400 187 343 0.54519 -558.923 -2.98889
330450 188 343 0.548105 -559.114 -2.97401
330500 188 343 0.548105 -559.696 -2.97711
330550 188 343 0.548105 -554.773 -2.95092
330600 188 343 0.548105 -559.262 -2.9748
330650 187 343 0.54519 -556.115 -2.97388
330700 187 343 0.54519 -555.56 -2.97091
330750 188 343 0.548105 -555.095 -2.95263
330800 188 343 0.548105 -555.251 -2.95346
330850 189 343 0.55102 -553.247 -2.92723
330900 189 343 0.55102 -544.695 -2.88199
330950 189 343 0.55102 -551.641 -2.91874
331000 188 343 0.548105 -551.159 -2.9317
331050 189 343 0.55102 -542.52 -2.87048
331100 188 343 0.548105 -544.623 -2.89693
331150 186 343 0.542274 -529.146 -2.84487
331200 186 343 0.542274 -532.069 -2.86059
331250 186 343 0.542274 -541.957 -2.91375
331300 186 343 0.542274 -539.789 -2.90209
331350 186 343 0.542274 -544.35 -2.92661
331400 187 343 0.54519 -545.088 -2.91491
331450 187 343 0.54519 -554.092 -2.96306
331500 188 343 0.548105 -558.807 -2.97238
331550 189 343 0.55102 -568.212 -3.00641
331600 187 343 0.54519 -558.384 -2.98601
331650 188 343 0.548105 -563.008 -2.99472
331700 189 343 0.55102 -573.971 -3.03688
331750 190 343 0.553936 -589.299 -3.10157
331800 191 343 0.556851 -595.315 -3.11683
331850 189 343 0.55102 -579.116 -3.06411
331900 190 343 0.553936 -579.737 -3.05125
331950 190 343 0.553936 -586.79 -3.08837
332000 191 343 0.556851 -588.26 -3.0799
332050 189 343 0.55102 -580.514 -3.07151
332100 189 343 0.55102 -581.887 -3.07877
332150 189 343 0.55102 -574.488 -3.03962
332200 188 343 0.548105 -569.167 -3.02748
332250 189 343 0.55102 -577.047 -3.05316
332300 187 343 0.54519 -567.911 -3.03695
332350 186 343 0.542274 -563.442 -3.02926
332400 186 343 0.542274 -562.092 -3.022
332450 185 343 0.539359 -563.995 -3.04862
332500 184 343 0.536443 -562.054 -3.05464
332550 185 343 0.539359 -568.344 -3.07213
332600 185 343 0.539359 -564.558 -3.05167
332650 185 343 0.539359 -559.144 -3.0224
332700 185 343 0.539359 -558.403 -3.01839
332750 184 343 0.536443 -556.496 -3.02444
332800 182 343 0.530612 -551.663 -3.03112
332850 180 343 0.524781 -544.756 -3.02642
332900 178 343 0.51895 -522.685 -2.93643
332950 178 343 0.51895 -526.124 -2.95575
333000 178 343 0.51895 -530.952 -2.98288
333050 180 343 0.524781 -543.442 -3.01912
333100 183 343 0.533528 -551.514 -3.01374
333150 183 343 0.533528 -553.776 -3.0261
333200 183 343 0.533528 -556.556 -3.04129
333250 182 343 0.530612 -540.295 -2.96865
333300 181 343 0.527697 -546.526 -3.01948
333350 182 343 0.530612 -548.723 -3.01496
333400 182 343 0.530612 -551.898 -3.0324
333450 182 343 0.530612 -543.245 -2.98487
333500 183 343 0.533528 -541.542 -2.95924
333550 183 343 0.533528 -537.246 -2.93577
333600 183 343 0.533528 -541.483 -2.95892
333650 183 343 0.533528 -538.457 -2.94239
333700 183 343 0.533528 -544.054 -2.97297
333750 182 343 0.530612 -542.536 -2.98097
333800 181 343 0.527697 -538.56 -2.97547
333850 183 343 0.533528 -544.621 -2.97607
333900 182 343 0.530612 -530.906 -2.91707
333950 182 343 0.530612 -530.417 -2.91438
334000 183 343 0.533528 -537.804 -2.93882
334050 183 343 0.533528 -534.318 -2.91977
334100 183 343 0.533528 -531.039 -2.90185
334150 183 343 0.533528 -527.575 -2.88292
334200 182 343 0.530612 -529.136 -2.90734
334250 184 343 0.536443 -530.752 -2.88452
334300 182 343 0.530612 -519.448 -2.85411
334350 181 343 0.527697 -514.802 -2.84421
334400 182 343 0.530612 -517.572 -2.8438
334450 183 343 0.533528 -526.774 -2.87855
334500 182 343 0.530612 -528.974 -2.90645
334550 181 343 0.527697 -525.557 -2.90363
334600 182 343 0.530612 -528.973 -2.90644
334650 182 343 0.530612 -528.57 -2.90423
334700 182 343 0.530612 -532.71 -2.92698
334750 183 343 0.533528 -535.518 -2.92633
334800 183 343 0.533528 -541.703 -2.96013
334850 181 343 0.527697 -524.344 -2.89693
334900 181 343 0.527697 -521.225 -2.8797
334950 182 343 0.530612 -529.419 -2.90889
335000 182 343 0.530612 -531.376 -2.91965
335050 181 343 0.527697 -523.617 -2.89291
335100 182 343 0.530612 -527.781 -2.8999
335150 183 343 0.533528 -532.935 -2.91221
335200 183 343 0.533528 -535.99 -2.92891
335250 182 343 0.530612 -528.18 -2.90209
335300 182 343 0.530612 -529.98 -2.91198
335350 182 343 0.530612 -526.461 -2.89264
335400 182 343 0.530612 -528.324 -2.90288
335450 182 343 0.530612 -525.381 -2.88671
335500 181 343 0.527697 -524.99 -2.9005
335550 181 343 0.527697 -523.92 -2.89459
335600 181 343 0.527697 -521.612 -2.88183
335650 184 343 0.536443 -529.524 -2.87785
335700 184 343 0.536443 -529.983 -2.88034
335750 183 343 0.533528 -531.37 -2.90366
335800 181 343 0.527697 -527.235 -2.9129
335850 181 343 0.527697 -529.665 -2.92632
335900 181 343 0.527697 -529.301 -2.92432
335950 182 343 0.530612 -530.899 -2.91703
336000 182 343 0.530612 -538.148 -2.95686
336050 183 343 0.533528 -531.563 -2.90472
336100 184 343 0.536443 -537.982 -2.92381
336150 185 343 0.539359 -538.718 -2.91199
336200 184 343 0.536443 -538.49 -2.92658
336250 183 343 0.533528 -541.146 -2.95708
336300 183 343 0.533528 -537.604 -2.93773
336350 184 343 0.536443 -541.286 -2.94177
336400 183 343 0.533528 -536.179 -2.92994
336450 183 343 0.533528 -532.592 -2.91034
336500 181 343 0.527697 -532.419 -2.94154
336550 178 343 0.51895 -520.413 -2.92367
336600 180 343 0.524781 -529.503 -2.94169
336650 180 343 0.524781 -530.844 -2.94913
336700 180 343 0.524781 -532.198 -2.95666
336750 181 343 0.527697 -540.227 -2.98468
336800 183 343 0.533528 -546.392 -2.98575
336850 184 343 0.536443 -545.066 -2.96232
336900 183 343 0.533528 -544.433 -2.97505
336950 182 343 0.530612 -542.345 -2.97992
337000 181 343 0.527697 -535.598 -2.9591
337050 183 343 0.533528 -541.005 -2.95631
337100 183 343 0.533528 -543.092 -2.96772
337150 184 343 0.536443 -553.155 -3.00628
337200 185 343 0.539359 -559.851 -3.02622
337250 184 343 0.536443 -549.758 -2.98782
337300 182 343 0.530612 -547.863 -3.01023
337350 181 343 0.527697 -543.29 -3.0016
337400 182 343 0.530612 -548.805 -3.01541
337450 184 343 0.536443 -551.936 -2.99965
337500 184 343 0.536443 -548.885 -2.98307
337550 184 343 0.536443 -550.078 -2.98955
337600 184 343 0.536443 -553.407 -3.00765
337650 185 343 0.539359 -563.34 -3.04508
337700 185 343 0.539359 -560.784 -3.03127
337750 184 343 0.536443 -562.295 -3.05595
337800 184 343 0.536443 -554.567 -3.01395
337850 184 343 0.536443 -551.266 -2.99601
337900 185 343 0.539359 -552.33 -2.98557
337950 185 343 0.539359 -551.151 -2.9792
338000 186 343 0.542274 -559.5 -3.00807
338050 186 343 0.542274 -555.723 -2.98776
338100 186 343 0.542274 -554.952 -2.98361
338150 188 343 0.548105 -568.984 -3.02651
338200 189 343 0.55102 -580.018 -3.06888
338250 189 343 0.55102 -580.956 -3.07384
338300 190 343 0.553936 -587.477 -3.09198
338350 189 343 0.55102 -580.802 -3.07303
338400 188 343 0.548105 -577.406 -3.07131
338450 188 343 0.548105 -582.573 -3.09879
338500 190 343 0.553936 -600.611 -3.16111
338550 190 343 0.553936 -601.302 -3.16474
338600 189 343 0.55102 -599.36 -3.17122
338650 188 343 0.548105 -597.717 -3.17934
338700 188 343 0.548105 -602.396 -3.20423
338750 188 343 0.548105 -602.078 -3.20254
338800 187 343 0.54519 -594.562 -3.17948
338850 186 343 0.542274 -588.564 -3.16432
338900 186 343 0.542274 -586.144 -3.15131
338950 186 343 0.542274 -581.147 -3.12444
339000 187 343 0.54519 -588.838 -3.14887
339050 187 343 0.54519 -589.212 -3.15086
339100 187 343 0.54519 -586.01 -3.13374
339150 187 343 0.54519 -583.981 -3.12289
339200 188 343 0.548105 -589.568 -3.136
339250 188 343 0.548105 -586.407 -3.11919
339300 187 343 0.54519 -576.103 -3.08077
339350 186 343 0.542274 -572.701 -3.07904
339400 186 343 0.542274 -571.943 -3.07496
339450 187 343 0.54519 -572.874 -3.0635
339500 187 343 0.54519 -570.704 -3.05189
339550 187 343 0.54519 -569.81 -3.04711
339600 183 343 0.533528 -554.663 -3.03094
339650 184 343 0.536443 -563.845 -3.06438
339700 183 343 0.533528 -565.658 -3.09102
339750 182 343 0.530612 -565.61 -3.10775
339800 183 343 0.533528 -566.808 -3.09731
339850 185 343 0.539359 -571.326 -3.08825
339900 186 343 0.542274 -576.648 -3.10026
339950 184 343 0.536443 -574.492 -3.12224
340000 183 343 0.533528 -565.387 -3.08955
340050 183 343 0.533528 -563.171 -3.07744
340100 183 343 0.533528 -566.186 -3.09391
340150 184 343 0.536443 -575.933 -3.13007
340200 184 343 0.536443 -574.661 -3.12316
340250 184 343 0.536443 -575.365 -3.12699
340300 184 343 0.536443 -576.586 -3.13362
340350 185 343 0.539359 -583.952 -3.1565
340400 188 343 0.548105 -591.936 -3.1486
340450 190 343 0.553936 -596.769 -3.14089
340500 190 343 0.553936 -597.099 -3.14263
340550 190 343 0.553936 -595.816 -3.13587
340600 190 343 0.553936 -596.136 -3.13756
340650 190 343 0.553936 -593.559 -3.124
340700 192 343 0.559767 -612.016 -3.18759
340750 193 343 0.562682 -622.114 -3.22339
340800 193 343 0.562682 -611.64 -3.16912
340850 193 343 0.562682 -612.694 -3.17458
340900 194 343 0.565598 -618.931 -3.19036
340950 193 343 0.562682 -619.378 -3.20921
341000 193 343 0.562682 -620.924 -3.21722
341050 193 343 0.562682 -617.104 -3.19743
341100 193 343 0.562682 -614.597 -3.18444
341150 193 343 0.562682 -619.366 -3.20915
341200 191 343 0.556851 -619.505 -3.24348
341250 191 343 0.556851 -619.065 -3.24118
341300 192 343 0.559767 -618.73 -3.22255
341350 193 343 0.562682 -619.075 -3.20764
341400 194 343 0.565598 -626.203 -3.22785
341450 193 343 0.562682 -623.222 -3.22913
341500 192 343 0.559767 -626.477 -3.2629
341550 193 343 0.562682 -635.64 -3.29347
341600 193 343 0.562682 -640.189 -3.31704
341650 192 343 0.559767 -636.823 -3.31678
341700 192 343 0.559767 -627.391 -3.26766
341750 193 343 0.562682 -629.596 -3.26216
341800 193 343 0.562682 -628.826 -3.25817
341850 193 343 0.562682 -627.07 -3.24906
341900 193 343 0.562682 -622.459 -3.22518
341950 193 343 0.562682 -616.625 -3.19495
342000 194 343 0.565598 -617.124 -3.18105
342050 195 343 0.568513 -624.06 -3.20031
342100 194 343 0.565598 -616.822 -3.17949
342150 194 343 0.565598 -614.493 -3.16749
342200 194 343 0.565598 -614.69 -3.1685
342250 194 343 0.565598 -615.404 -3.17219
342300 194 343 0.565598 -612.895 -3.15925
342350 195 343 0.568513 -616.817 -3.16316
342400 193 343 0.562682 -610.268 -3.16201
342450 194 343 0.565598 -614.905 -3.16961
342500 193 343 0.562682 -611.623 -3.16903
342550 193 343 0.562682 -605.62 -3.13793
342600 193 343 0.562682 -610.099 -3.16114
342650 192 343 0.559767 -614.363 -3.19981
342700 192 343 0.559767 -616.296 -3.20987
342750 191 343 0.556851 -611.786 -3.20307
342800 191 343 0.556851 -608.588 -3.18633
342850 190 343 0.553936 -598.842 -3.1518
342900 189 343 0.55102 -593.008 -3.13761
342950 188 343 0.548105 -586.684 -3.12066
343000 187 343 0.54519 -584.564 -3.12601
343050 187 343 0.54519 -585.022 -3.12846
343100 185 343 0.539359 -574.146 -3.10349
343150 186 343 0.542274 -578.942 -3.11259
343200 186 343 0.542274 -580.238 -3.11956
343250 189 343 0.55102 -590.799 -3.12592
343300 189 343 0.55102 -581.37 -3.07603
343350 186 343 0.542274 -572.113 -3.07587
343400 187 343 0.54519 -568.992 -3.04274
343450 186 343 0.542274 -561.824 -3.02056
343500 186 343 0.542274 -558.958 -3.00515
343550 186 343 0.542274 -567.127 -3.04907
343600 184 343 0.536443 -555.032 -3.01648
343650 184 343 0.536443 -557.154 -3.02801
343700 184 343 0.536443 -555.292 -3.01789
343750 183 343 0.533528 -555.259 -3.0342
343800 184 343 0.536443 -560.65 -3.04701
343850 184 343 0.536443 -557.641 -3.03066
343900 185 343 0.539359 -566.77 -3.06362
343950 185 343 0.539359 -567.818 -3.06929
344000 184 343 0.536443 -561.201 -3.05001
344050 181 343 0.527697 -551.023 -3.04433
344100 180 343 0.524781 -547.645 -3.04247
344150 180 343 0.524781 -547.885 -3.04381
344200 181 343 0.527697 -552.626 -3.05318
344250 181 343 0.527697 -552.438 -3.05215
344300 181 343 0.527697 -556.16 -3.07271
344350 183 343 0.533528 -564.695 -3.08576
344400 181 343 0.527697 -557.038 -3.07756
344450 179 343 0.521866 -548.818 -3.06602
344500 181 343 0.527697 -555.875 -3.07113
344550 182 343 0.530612 -555.461 -3.05198
344600 183 343 0.533528 -553.462 -3.02438
344650 184 343 0.536443 -553.944 -3.01057
344700 184 343 0.536443 -546.627 -2.9708
344750 184 343 0.536443 -542.569 -2.94875
344800 183 343 0.533528 -539.578 -2.94851
344850 184 343 0.536443 -545.039 -2.96217
344900 184 343 0.536443 -541.373 -2.94224
344950 185 343 0.539359 -547.648 -2.96026
345000 186 343 0.542274 -551.112 -2.96297
345050 186 343 0.542274 -545.384 -2.93217
345100 186 343 0.542274 -542.62 -2.91731
345150 186 343 0.542274 -553.511 -2.97587
345200 188 343 0.548105 -556.361 -2.95937
345250 190 343 0.553936 -568.392 -2.99154
345300 189 343 0.55102 -570.635 -3.01923
345350 189 343 0.55102 -576.341 -3.04942
345400 188 343 0.548105 -575.246 -3.05982
345450 189 343 0.55102 -574.82 -3.04137
345500 190 343 0.553936 -577.948 -3.04183
345550 190 343 0.553936 -587.687 -3.09309
345600 190 343 0.553936 -589.136 -3.10072
345650 190 343 0.553936 -596.511 -3.13953
345700 190 343 0.553936 -591.725 -3.11434
345750 192 343 0.559767 -595.727 -3.10274
345800 193 343 0.562682 -599.348 -3.10543
345850 193 343 0.562682 -609.461 -3.15783
345900 191 343 0.556851 -594.489 -3.11251
345950 190 343 0.553936 -586.481 -3.08674
346000 189 343 0.55102 -582.792 -3.08355
346050 189 343 0.55102 -581.083 -3.07451
346100 188 343 0.548105 -575.082 -3.05895
346150 189 343 0.55102 -581.477 -3.0766
346200 189 343 0.55102 -573.736 -3.03564
346250 189 343 0.55102 -581.974 -3.07923
346300 188 343 0.548105 -573.804 -3.05215
346350 186 343 0.542274 -566.231 -3.04425
346400 186 343 0.542274 -567.743 -3.05238
346450 187 343 0.54519 -573.43 -3.06647
346500 185 343 0.539359 -561.781 -3.03666
346550 184 343 0.536443 -557.828 -3.03168
346600 183 343 0.533528 -551.099 -3.01147
346650 183 343 0.533528 -550.565 -3.00855
346700 183 343 0.533528 -549.939 -3.00513
346750 184 343 0.536443 -560.977 -3.04879
346800 185 343 0.539359 -563.589 -3.04643
346850 184 343 0.536443 -563.815 -3.06421
346900 183 343 0.533528 -558.162 -3.05006
346950 183 343 0.533528 -559.498 -3.05737
347000 183 343 0.533528 -553.785 -3.02614
347050 183 343 0.533528 -556.402 -3.04045
347100 182 343 0.530612 -549.202 -3.0176
347150 182 343 0.530612 -549.742 -3.02056
347200 183 343 0.533528 -546.913 -2.9886
347250 181 343 0.527697 -540.566 -2.98655
347300 182 343 0.530612 -545.371 -2.99654
347350 182 343 0.530612 -547.749 -3.00961
347400 181 343 0.527697 -548.014 -3.0277
347450 181 343 0.527697 -549.74 -3.03724
347500 181 343 0.527697 -550.158 -3.03955
347550 184 343 0.536443 -567.701 -3.08533
347600 183 343 0.533528 -561.556 -3.06861
347650 181 343 0.527697 -550.102 -3.03924
347700 183 343 0.533528 -558.537 -3.05211
347750 184 343 0.536443 -564.62 -3.06859
347800 184 343 0.536443 -565.124 -3.07133
347850 183 343 0.533528 -560.885 -3.06495
347900 183 343 0.533528 -556.079 -3.03868
347950 184 343 0.536443 -564.54 -3.06815
348000 185 343 0.539359 -577.238 -3.12021
348050 186 343 0.542274 -574.058 -3.08633
348100 186 343 0.542274 -570.654 -3.06803
348150 186 343 0.542274 -569.927 -3.06413
348200 186 343 0.542274 -557.519 -2.99741
348250 186 343 0.542274 -559.816 -3.00976
348300 188 343 0.548105 -569.851 -3.03112
348350 187 343 0.54519 -561.191 -3.00102
348400 183 343 0.533528 -544.737 -2.97671
348450 183 343 0.533528 -545.636 -2.98162
348500 183 343 0.533528 -548.062 -2.99488
348550 182 343 0.530612 -541.668 -2.9762
348600 182 343 0.530612 -535.412 -2.94183
348650 183 343 0.533528 -542.522 -2.9646
348700 183 343 0.533528 -543.13 -2.96792
348750 182 343 0.530612 -533.52 -2.93143
348800 182 343 0.530612 -536.037 -2.94526
348850 181 343 0.527697 -542.045 -2.99472
348900 183 343 0.533528 -548.135 -2.99527
348950 182 343 0.530612 -541.024 -2.97266
349000 182 343 0.530612 -545.928 -2.99961
349050 182 343 0.530612 -548.658 -3.0146
349100 182 343 0.530612 -541.733 -2.97656
349150 182 343 0.530612 -537.98 -2.95593
349200 181 343 0.527697 -535.73 -2.95983
349250 180 343 0.524781 -533.155 -2.96197
349300 180 343 0.524781 -532.535 -2.95853
349350 179 343 0.521866 -530.925 -2.96606
349400 179 343 0.521866 -533.425 -2.98003
349450 179 343 0.521866 -532.595 -2.97539
349500 178 343 0.51895 -532.356 -2.99077
349550 176 343 0.51312 -523.631 -2.97518
349600 178 343 0.51895 -525.907 -2.95454
349650 178 343 0.51895 -523.946 -2.94352
349700 178 343 0.51895 -521.675 -2.93076
349750 176 343 0.51312 -515.512 -2.92905
349800 177 343 0.516035 -516.138 -2.91603
349850 178 343 0.51895 -518.052 -2.9104
349900 177 343 0.516035 -516.993 -2.92087
349950 177 343 0.516035 -518.73 -2.93068
350000 177 343 0.516035 -516.381 -2.91741
350050 178 343 0.51895 -518.257 -2.91155
350100 179 343 0.521866 -518.663 -2.89756
350150 178 343 0.51895 -511.516 -2.87368
350200 177 343 0.516035 -512.922 -2.89786
350250 178 343 0.51895 -512.388 -2.87858
350300 177 343 0.516035 -506.338 -2.86067
350350 176 343 0.51312 -505.344 -2.87127
350400 178 343 0.51895 -508.625 -2.85745
350450 178 343 0.51895 -502.211 -2.82141
350500 180 343 0.524781 -502.603 -2.79224
350550 180 343 0.524781 -512.846 -2.84915
350600 180 343 0.524781 -510.226 -2.83459
350650 178 343 0.51895 -508.509 -2.85679
350700 179 343 0.521866 -520.861 -2.90984
350750 178 343 0.51895 -515.715 -2.89727
350800 178 343 0.51895 -521.868 -2.93184
350850 176 343 0.51312 -511.2 -2.90455
350900 176 343 0.51312 -505.544 -2.87241
350950 176 343 0.51312 -504.481 -2.86637
351000 177 343 0.516035 -508.544 -2.87313
351050 177 343 0.516035 -499.648 -2.82287
351100 176 343 0.51312 -498.195 -2.83065
351150 176 343 0.51312 -500.919 -2.84613
351200 175 343 0.510204 -495.704 -2.8326
351250 176 343 0.51312 -503.004 -2.85798
351300 176 343 0.51312 -507.94 -2.88602
351350 177 343 0.516035 -514.01 -2.90401
351400 177 343 0.516035 -520.467 -2.94049
351450 176 343 0.51312 -517.944 -2.94286
351500 176 343 0.51312 -520.708 -2.95857
351550 177 343 0.516035 -529.668 -2.99248
351600 177 343 0.516035 -525.775 -2.97048
351650 177 343 0.516035 -524.802 -2.96499
351700 177 343 0.516035 -524.654 -2.96415
351750 175 343 0.510204 -521.287 -2.97878
351800 174 343 0.507289 -518.147 -2.97786
351850 175 343 0.510204 -520.851 -2.97629
351900 176 343 0.51312 -532.152 -3.02359
351950 174 343 0.507289 -520.29 -2.99017
352000 172 343 0.501458 -507.289 -2.94936
352050 173 343 0.504373 -512.222 -2.96082
352100 173 343 0.504373 -512.276 -2.96113
352150 176 343 0.51312 -524.174 -2.97826
352200 175 343 0.510204 -516.926 -2.95386
352250 176 343 0.51312 -522.596 -2.9693
352300 177 343 0.516035 -525.116 -2.96675
352350 176 343 0.51312 -515.304 -2.92786
352400 176 343 0.51312 -515.454 -2.92871
352450 175 343 0.510204 -512.08 -2.92617
352500 174 343 0.507289 -505.769 -2.90672
352550 175 343 0.510204 -509.093 -2.9091
352600 174 343 0.507289 -506.358 -2.9101
352650 173 343 0.504373 -505.736 -2.92333
352700 174 343 0.507289 -509.196 -2.92642
352750 176 343 0.51312 -514.582 -2.92376
352800 176 343 0.51312 -517.408 -2.93982
352850 178 343 0.51895 -522.742 -2.93675
352900 177 343 0.516035 -513.914 -2.90347
352950 177 343 0.516035 -514.482 -2.90668
353000 179 343 0.521866 -527.247 -2.94551
353050 180 343 0.524781 -528.999 -2.93888
353100 180 343 0.524781 -529.348 -2.94082
353150 177 343 0.516035 -513.885 -2.90331
353200 176 343 0.51312 -511.956 -2.90884
353250 175 343 0.510204 -504.135 -2.88077
353300 174 343 0.507289 -498.329 -2.86396
353350 176 343 0.51312 -514.545 -2.92355
353400 177 343 0.516035 -516.347 -2.91722
353450 176 343 0.51312 -517.141 -2.9383
353500 175 343 0.510204 -510.47 -2.91697
353550 175 343 0.510204 -509.576 -2.91186
353600 176 343 0.51312 -509.337 -2.89396
353650 178 343 0.51895 -519.3 -2.91741
353700 174 343 0.507289 -504.298 -2.89826
353750 173 343 0.504373 -493.665 -2.85355
353800 172 343 0.501458 -487.122 -2.8321
353850 172 343 0.501458 -487.233 -2.83275
353900 173 343 0.504373 -498.325 -2.88049
353950 173 343 0.504373 -494.389 -2.85774
354000 174 343 0.507289 -496.911 -2.85581
354050 175 343 0.510204 -500.601 -2.86058
354100 176 343 0.51312 -503.113 -2.8586
354150 177 343 0.516035 -514.268 -2.90547
354200 180 343 0.524781 -528.05 -2.93361
354250 182 343 0.530612 -538.063 -2.95639
354300 181 343 0.527697 -537.988 -2.97231
354350 179 343 0.521866 -530.394 -2.96309
354400 177 343 0.516035 -520.059 -2.93819
354450 180 343 0.524781 -528.72 -2.93733
354500 177 343 0.516035 -509.47 -2.87836
354550 178 343 0.51895 -511.996 -2.87638
354600 177 343 0.516035 -515.328 -2.91146
354650 179 343 0.521866 -517.04 -2.88849
354700 179 343 0.521866 -508.512 -2.84085
354750 179 343 0.521866 -506.049 -2.82709
354800 178 343 0.51895 -502.679 -2.82404
354850 177 343 0.516035 -506.453 -2.86131
354900 177 343 0.516035 -512.563 -2.89584
354950 178 343 0.51895 -511.422 -2.87316
355000 177 343 0.516035 -509.978 -2.88123
355050 179 343 0.521866 -519.756 -2.90366
355100 180 343 0.524781 -531.163 -2.9509
355150 178 343 0.51895 -523.954 -2.94356
355200 177 343 0.516035 -522.838 -2.95389
355250 178 343 0.51895 -527.473 -2.96333
355300 178 343 0.51895 -533.351 -2.99635
355350 181 343 0.527697 -540.433 -2.98582
355400 181 343 0.527697 -539.1 -2.97845
355450 181 343 0.527697 -546.218 -3.01778
355500 181 343 0.527697 -548.461 -3.03017
355550 183 343 0.533528 -560.156 -3.06096
355600 183 343 0.533528 -563.258 -3.07791
355650 185 343 0.539359 -566.241 -3.06076
355700 185 343 0.539359 -568.091 -3.07076
355750 186 343 0.542274 -557.907 -2.9995
355800 187 343 0.54519 -561.244 -3.0013
355850 187 343 0.54519 -570.857 -3.05271
355900 188 343 0.548105 -581.95 -3.09548
355950 189 343 0.55102 -590.649 -3.12513
356000 189 343 0.55102 -590.453 -3.12409
356050 191 343 0.556851 -599.134 -3.13682
356100 190 343 0.553936 -599.175 -3.15355
356150 190 343 0.553936 -600.653 -3.16133
356200 190 343 0.553936 -603.89 -3.17837
356250 190 343 0.553936 -606.118 -3.1901
356300 188 343 0.548105 -593.986 -3.1595
356350 188 343 0.548105 -596.425 -3.17247
356400 189 343 0.55102 -597.857 -3.16326
356450 188 343 0.548105 -600.36 -3.1934
356500 187 343 0.54519 -591.658 -3.16395
356550 187 343 0.54519 -593.317 -3.17282
356600 187 343 0.54519 -593.567 -3.17416
356650 189 343 0.55102 -603.059 -3.19079
356700 191 343 0.556851 -618.051 -3.23587
356750 191 343 0.556851 -612.966 -3.20925
356800 190 343 0.553936 -610.262 -3.21191
356850 191 343 0.556851 -613.337 -3.21119
356900 191 343 0.556851 -613.37 -3.21136
356950 191 343 0.556851 -616.904 -3.22986
357000 191 343 0.556851 -620.335 -3.24783
357050 192 343 0.559767 -618.506 -3.22138
357100 193 343 0.562682 -625.115 -3.23894
357150 192 343 0.559767 -619.536 -3.22675
357200 194 343 0.565598 -622.524 -3.20889
357250 194 343 0.565598 -614.488 -3.16746
357300 194 343 0.565598 -619.273 -3.19213
357350 195 343 0.568513 -620.053 -3.17976
357400 195 343 0.568513 -620.777 -3.18347
357450 195 343 0.568513 -615.663 -3.15725
357500 194 343 0.565598 -611.274 -3.1509
357550 195 343 0.568513 -623.919 -3.19959
357600 197 343 0.574344 -636.051 -3.22868
357650 196 343 0.571429 -635.607 -3.24289
357700 196 343 0.571429 -636.793 -3.24894
357750 196 343 0.571429 -632.884 -3.229
357800 196 343 0.571429 -637.76 -3.25388
357850 196 343 0.571429 -639.593 -3.26323
357900 197 343 0.574344 -635.115 -3.22393
357950 197 343 0.574344 -626.494 -3.18017
358000 195 343 0.568513 -613.817 -3.14778
358050 194 343 0.565598 -610.766 -3.14828
358100 194 343 0.565598 -615.167 -3.17096
358150 194 343 0.565598 -615.577 -3.17308
358200 195 343 0.568513 -623.228 -3.19604
358250 194 343 0.565598 -621.202 -3.20207
358300 195 343 0.568513 -625.677 -3.2086
358350 195 343 0.568513 -629.235 -3.22685
358400 197 343 0.574344 -635.77 -3.22726
358450 195 343 0.568513 -624.108 -3.20055
358500 196 343 0.571429 -622.201 -3.1745
358550 195 343 0.568513 -622.424 -3.19192
358600 195 343 0.568513 -621.742 -3.18842
358650 194 343 0.565598 -610.13 -3.145
358700 195 343 0.568513 -613.714 -3.14725
358750 196 343 0.571429 -606.841 -3.09613
358800 197 343 0.574344 -605.076 -3.07145
358850 195 343 0.568513 -612.717 -3.14214
358900 197 343 0.574344 -622.955 -3.16221
358950 196 343 0.571429 -618.922 -3.15777
359000 196 343 0.571429 -620.501 -3.16582
359050 196 343 0.571429 -619.731 -3.1619
359100 198 343 0.577259 -634.561 -3.20485
359150 200 343 0.58309 -646.536 -3.23268
359200 199 343 0.580175 -634.174 -3.1868
359250 199 343 0.580175 -633.681 -3.18433
359300 200 343 0.58309 -636.048 -3.18024
359350 200 343 0.58309 -632.554 -3.16277
359400 201 343 0.586006 -638.085 -3.17455
359450 200 343 0.58309 -637.739 -3.1887
359500 198 343 0.577259 -641.43 -3.23955
359550 197 343 0.574344 -635.838 -3.22761
359600 197 343 0.574344 -635.28 -3.22477
359650 197 343 0.574344 -631.918 -3.20771
359700 197 343 0.574344 -628.593 -3.19083
359750 198 343 0.577259 -631.45 -3.18914
359800 198 343 0.577259 -645.38 -3.2595
359850 198 343 0.577259 -642.801 -3.24647
359900 196 343 0.571429 -630.987 -3.21932
359950 195 343 0.568513 -626.368 -3.21214
360000 195 343 0.568513 -631.516 -3.23854
360050 195 343 0.568513 -631.525 -3.23859
360100 195 343 0.568513 -621.401 -3.18667
360150 196 343 0.571429 -625.803 -3.19287
360200 196 343 0.571429 -617.38 -3.1499
360250 196 343 0.571429 -624.936 -3.18845
360300 197 343 0.574344 -624.953 -3.17235
360350 198 343 0.577259 -630.32 -3.18343
360400 198 343 0.577259 -635.566 -3.20993
360450 199 343 0.580175 -639.403 -3.21308
360500 199 343 0.580175 -638.844 -3.21027
360550 199 343 0.580175 -639.513 -3.21363
360600 200 343 0.58309 -650.067 -3.25034
360650 201 343 0.586006 -657.269 -3.27
360700 199 343 0.580175 -641.223 -3.22223
360750 199 343 0.580175 -644.046 -3.23641
360800 199 343 0.580175 -643.593 -3.23414
360850 199 343 0.580175 -640.15 -3.21684
360900 198 343 0.577259 -637.729 -3.22085
360950 196 343 0.571429 -635.028 -3.23994
361000 197 343 0.574344 -638.507 -3.24115
361050 196 343 0.571429 -631.161 -3.22021
361100 198 343 0.577259 -640.797 -3.23635
361150 198 343 0.577259 -631.871 -3.19127
361200 195 343 0.568513 -614.005 -3.14874
361250 196 343 0.571429 -623.721 -3.18225
361300 196 343 0.571429 -617.39 -3.14995
361350 196 343 0.571429 -626.049 -3.19413
361400 196 343 0.571429 -623.421 -3.18072
361450 196 343 0.571429 -627.288 -3.20045
361500 196 343 0.571429 -624.204 -3.18471
361550 195 343 0.568513 -619.901 -3.17898
361600 195 343 0.568513 -620.847 -3.18383
361650 196 343 0.571429 -623.685 -3.18206
361700 196 343 0.571429 -620.859 -3.16765
361750 195 343 0.568513 -615.476 -3.15629
361800 193 343 0.562682 -603.479 -3.12683
361850 193 343 0.562682 -598.828 -3.10274
361900 191 343 0.556851 -589.445 -3.0861
361950 191 343 0.556851 -589.94 -3.08869
362000 192 343 0.559767 -594.964 -3.09877
362050 192 343 0.559767 -584.845 -3.04607
362100 190 343 0.553936 -585.06 -3.07927
362150 190 343 0.553936 -582.458 -3.06557
362200 190 343 0.553936 -588.224 -3.09591
362250 192 343 0.559767 -605.509 -3.15369
362300 192 343 0.559767 -603.109 -3.14119
362350 191 343 0.556851 -604.353 -3.16415
362400 191 343 0.556851 -597.66 -3.12911
362450 192 343 0.559767 -612.884 -3.1921
362500 191 343 0.556851 -608.888 -3.18789
362550 190 343 0.553936 -600.719 -3.16168
362600 190 343 0.553936 -601.049 -3.16342
362650 189 343 0.55102 -588.26 -3.11249
362700 189 343 0.55102 -581.118 -3.0747
362750 188 343 0.548105 -575.171 -3.05942
362800 188 343 0.548105 -573.686 -3.05152
362850 187 343 0.54519 -571.166 -3.05436
362900 187 343 0.54519 -573.032 -3.06434
362950 187 343 0.54519 -572 -3.05882
363000 187 343 0.54519 -571.834 -3.05793
363050 186 343 0.542274 -564.96 -3.03742
363100 186 343 0.542274 -561.548 -3.01908
363150 187 343 0.54519 -559.37 -2.99128
363200 186 343 0.542274 -558.284 -3.00153
363250 185 343 0.539359 -557.847 -3.01539
363300 185 343 0.539359 -560.474 -3.02959
363350 187 343 0.54519 -575.05 -3.07514
363400 188 343 0.548105 -582.175 -3.09668
363450 190 343 0.553936 -585.454 -3.08134
363500 192 343 0.559767 -597.323 -3.11106
363550 195 343 0.568513 -611.232 -3.13452
363600 190 343 0.553936 -585.62 -3.08221
363650 189 343 0.55102 -573.75 -3.03572
363700 189 343 0.55102 -577.547 -3.0558
363750 190 343 0.553936 -582.85 -3.06763
363800 191 343 0.556851 -582.44 -3.04943
363850 192 343 0.559767 -588.466 -3.06493
363900 193 343 0.562682 -596.279 -3.08953
363950 192 343 0.559767 -596.51 -3.10682
364000 191 343 0.556851 -596.72 -3.12419
364050 191 343 0.556851 -596.475 -3.12291
364100 192 343 0.559767 -597.525 -3.11211
364150 195 343 0.568513 -602.525 -3.08987
364200 194 343 0.565598 -603.342 -3.11001
364250 191 343 0.556851 -588.91 -3.0833
364300 190 343 0.553936 -583.881 -3.07306
364350 190 343 0.553936 -582.184 -3.06413
364400 189 343 0.55102 -575.058 -3.04264
364450 187 343 0.54519 -567.683 -3.03574
364500 188 343 0.548105 -566.778 -3.01478
364550 188 343 0.548105 -570.514 -3.03465
364600 188 343 0.548105 -567.412 -3.01815
364650 188 343 0.548105 -563.979 -2.99989
364700 188 343 0.548105 -565.46 -3.00777
364750 188 343 0.548105 -563.916 -2.99956
364800 187 343 0.54519 -562.175 -3.00628
364850 186 343 0.542274 -555.179 -2.98484
364900 185 343 0.539359 -561.972 -3.03769
364950 186 343 0.542274 -565.269 -3.03908
365000 186 343 0.542274 -564.414 -3.03448
365050 187 343 0.54519 -560.618 -2.99796
365100 188 343 0.548105 -568.131 -3.02198
365150 188 343 0.548105 -566.012 -3.0107
365200 188 343 0.548105 -562.623 -2.99268
365250 189 343 0.55102 -570.565 -3.01886
365300 187 343 0.54519 -567.961 -3.03723
365350 188 343 0.548105 -570.996 -3.03721
365400 188 343 0.548105 -568.503 -3.02395
365450 189 343 0.55102 -581.209 -3.07518
365500 190 343 0.553936 -585.97 -3.08405
365550 190 343 0.553936 -587.639 -3.09284
365600 190 343 0.553936 -591.602 -3.1137
365650 189 343 0.55102 -597.807 -3.163
365700 190 343 0.553936 -605.818 -3.18852
365750 190 343 0.553936 -607.646 -3.19814
365800 191 343 0.556851 -612.564 -3.20714
365850 192 343 0.559767 -611.665 -3.18576
365900 192 343 0.559767 -608.538 -3.16947
365950 191 343 0.556851 -599.653 -3.13954
366000 190 343 0.553936 -591.855 -3.11503
366050 189 343 0.55102 -588.985 -3.11632
366100 189 343 0.55102 -588.847 -3.11559
366150 189 343 0.55102 -587.08 -3.10625
366200 189 343 0.55102 -588.409 -3.11328
366250 188 343 0.548105 -586.029 -3.11718
366300 189 343 0.55102 -588.415 -3.11331
366350 190 343 0.553936 -596.336 -3.13861
366400 192 343 0.559767 -604.806 -3.15003
366450 192 343 0.559767 -600.221 -3.12615
366500 192 343 0.559767 -604.804 -3.15002
366550 191 343 0.556851 -599.644 -3.1395
366600 190 343 0.553936 -600.954 -3.16291
366650 190 343 0.553936 -598.547 -3.15025
366700 189 343 0.55102 -594.678 -3.14644
366750 189 343 0.55102 -593.572 -3.14059
366800 190 343 0.553936 -593.36 -3.12295
366850 190 343 0.553936 -595.351 -3.13343
366900 190 343 0.553936 -596.698 -3.14052
366950 190 343 0.553936 -602.554 -3.17133
367000 191 343 0.556851 -610.152 -3.19451
367050 192 343 0.559767 -616.062 -3.20866
367100 193 343 0.562682 -627.901 -3.25337
367150 194 343 0.565598 -635.013 -3.27326
367200 193 343 0.562682 -621.911 -3.22234
367250 193 343 0.562682 -620.727 -3.2162
367300 194 343 0.565598 -621.807 -3.20519
367350 194 343 0.565598 -611.721 -3.1532
367400 192 343 0.559767 -608.236 -3.1679
367450 192 343 0.559767 -606.293 -3.15777
367500 191 343 0.556851 -601.238 -3.14784
367550 188 343 0.548105 -592.116 -3.14955
367600 189 343 0.55102 -589.629 -3.11973
367650 192 343 0.559767 -602.209 -3.13651
367700 194 343 0.565598 -610.506 -3.14694
367750 194 343 0.565598 -613.204 -3.16084
367800 194 343 0.565598 -612.392 -3.15666
367850 194 343 0.565598 -614.632 -3.16821
367900 194 343 0.565598 -612.237 -3.15586
367950 194 343 0.565598 -614.004 -3.16497
368000 194 343 0.565598 -616.501 -3.17784
368050 193 343 0.562682 -620.354 -3.21427
368100 193 343 0.562682 -611.597 -3.1689
368150 194 343 0.565598 -620.725 -3.19961
368200 195 343 0.568513 -615.524 -3.15654
368250 196 343 0.571429 -619.105 -3.1587
368300 196 343 0.571429 -616.592 -3.14588
368350 196 343 0.571429 -615.397 -3.13978
368400 196 343 0.571429 -622.309 -3.17505
368450 196 343 0.571429 -626.7 -3.19745
368500 196 343 0.571429 -626.227 -3.19504
368550 195 343 0.568513 -614.466 -3.15111
368600 196 343 0.571429 -632.835 -3.22875
368650 196 343 0.571429 -630.796 -3.21835
368700 198 343 0.577259 -643.06 -3.24778
368750 198 343 0.577259 -648.466 -3.27508
368800 198 343 0.577259 -646.786 -3.2666
368850 198 343 0.577259 -645.781 -3.26152
368900 198 343 0.577259 -646.549 -3.2654
368950 198 343 0.577259 -646.717 -3.26625
369000 198 343 0.577259 -639.536 -3.22998
369050 197 343 0.574344 -638.139 -3.23929
369100 197 343 0.574344 -638.152 -3.23935
369150 197 343 0.574344 -645.326 -3.27577
369200 198 343 0.577259 -653.475 -3.30038
369250 198 343 0.577259 -656.363 -3.31496
369300 198 343 0.577259 -657.331 -3.31986
369350 199 343 0.580175 -664.713 -3.34027
369400 199 343 0.580175 -664.196 -3.33767
369450 199 343 0.580175 -658.379 -3.30844
369500 200 343 0.58309 -656.49 -3.28245
369550 199 343 0.580175 -652.185 -3.27731
369600 198 343 0.577259 -652.723 -3.29658
369650 202 343 0.588921 -670.124 -3.31744
369700 201 343 0.586006 -663.879 -3.30288
369750 201 343 0.586006 -663.419 -3.30059
369800 201 343 0.586006 -660.881 -3.28797
369850 201 343 0.586006 -651.526 -3.24143
369900 200 343 0.58309 -653.929 -3.26964
369950 200 343 0.58309 -655.665 -3.27832
370000 200 343 0.58309 -655.374 -3.27687
370050 200 343 0.58309 -658.572 -3.29286
370100 200 343 0.58309 -658.145 -3.29073
370150 200 343 0.58309 -660.393 -3.30196
370200 200 343 0.58309 -663.143 -3.31571
370250 199 343 0.580175 -663.169 -3.33251
370300 198 343 0.577259 -658.964 -3.3281
370350 199 343 0.580175 -660.821 -3.32071
370400 199 343 0.580175 -663.652 -3.33493
370450 202 343 0.588921 -675.261 -3.34288
370500 202 343 0.588921 -680.605 -3.36933
370550 200 343 0.58309 -671.764 -3.35882
370600 199 343 0.580175 -662.939 -3.33135
370650 197 343 0.574344 -658.714 -3.34373
370700 198 343 0.577259 -662.532 -3.34612
370750 197 343 0.574344 -652.175 -3.31053
370800 197 343 0.574344 -655.802 -3.32894
370850 196 343 0.571429 -649.076 -3.31161
370900 197 343 0.574344 -647.747 -3.28805
370950 196 343 0.571429 -641.506 -3.27299
371000 196 343 0.571429 -637.852 -3.25435
371050 196 343 0.571429 -639.631 -3.26342
371100 196 343 0.571429 -637.586 -3.25299
371150 195 343 0.568513 -634.036 -3.25147
371200 195 343 0.568513 -633.592 -3.24919
371250 195 343 0.568513 -636.704 -3.26515
371300 194 343 0.565598 -629.781 -3.24629
371350 194 343 0.565598 -627.749 -3.23582
371400 195 343 0.568513 -633 -3.24615
371450 194 343 0.565598 -620.989 -3.20097
371500 194 343 0.565598 -623.268 -3.21272
371550 193 343 0.562682 -614.9 -3.18601
371600 195 343 0.568513 -623.119 -3.19548
371650 195 343 0.568513 -624.47 -3.20241
371700 194 343 0.565598 -619.277 -3.19215
371750 195 343 0.568513 -617.882 -3.16863
371800 195 343 0.568513 -609.92 -3.1278
371850 195 343 0.568513 -609.807 -3.12722
371900 193 343 0.562682 -603.997 -3.12952
371950 193 343 0.562682 -599.678 -3.10714
372000 193 343 0.562682 -599.645 -3.10697
372050 193 343 0.562682 -605.322 -3.13638
372100 194 343 0.565598 -602.361 -3.10495
372150 193 343 0.562682 -604.385 -3.13153
372200 194 343 0.565598 -607.426 -3.13106
372250 192 343 0.559767 -602.196 -3.13644
372300 192 343 0.559767 -598.188 -3.11556
372350 192 343 0.559767 -605.733 -3.15486
372400 193 343 0.562682 -609.873 -3.15996
372450 194 343 0.565598 -612.683 -3.15816
372500 196 343 0.571429 -623.173 -3.17945
372550 196 343 0.571429 -619.142 -3.15889
372600 196 343 0.571429 -619.138 -3.15887
372650 195 343 0.568513 -610.623 -3.1314
372700 193 343 0.562682 -607.954 -3.15002
372750 194 343 0.565598 -605.205 -3.11962
372800 194 343 0.565598 -604.123 -3.11404
372850 194 343 0.565598 -602.522 -3.10578
372900 192 343 0.559767 -598.209 -3.11567
372950 192 343 0.559767 -601.455 -3.13258
373000 192 343 0.559767 -591.524 -3.08085
373050 192 343 0.559767 -593.5 -3.09114
373100 194 343 0.565598 -602.353 -3.10491
373150 193 343 0.562682 -595.324 -3.08458
373200 192 343 0.559767 -595.865 -3.10346
373250 191 343 0.556851 -585.919 -3.06764
373300 190 343 0.553936 -585.136 -3.07966
373350 190 343 0.553936 -577.234 -3.03807
373400 191 343 0.556851 -581.248 -3.04318
373450 190 343 0.553936 -573.752 -3.01975
373500 189 343 0.55102 -575.642 -3.04573
373550 188 343 0.548105 -572.97 -3.04771
373600 186 343 0.542274 -563.936 -3.03191
373650 186 343 0.542274 -561.374 -3.01814
373700 185 343 0.539359 -555.158 -3.00085
373750 185 343 0.539359 -558.579 -3.01935
373800 186 343 0.542274 -565.209 -3.03876
373850 186 343 0.542274 -569.02 -3.05924
373900 186 343 0.542274 -563.255 -3.02825
373950 187 343 0.54519 -571.23 -3.05471
374000 188 343 0.548105 -581.127 -3.0911
374050 188 343 0.548105 -582.369 -3.09771
374100 188 343 0.548105 -577.741 -3.07309
374150 189 343 0.55102 -577.706 -3.05665
374200 188 343 0.548105 -583.212 -3.10219
374250 188 343 0.548105 -576.15 -3.06463
374300 189 343 0.55102 -574.332 -3.03879
374350 188 343 0.548105 -576.549 -3.06675
374400 188 343 0.548105 -574.227 -3.0544
374450 185 343 0.539359 -570.707 -3.0849
374500 185 343 0.539359 -566.666 -3.06306
374550 186 343 0.542274 -573.257 -3.08203
374600 186 343 0.542274 -571.18 -3.07086
374650 187 343 0.54519 -569.712 -3.04659
374700 189 343 0.55102 -575.703 -3.04605
374750 189 343 0.55102 -577.816 -3.05723
374800 188 343 0.548105 -567.282 -3.01746
374850 188 343 0.548105 -563.469 -2.99718
374900 189 343 0.55102 -561.764 -2.9723
374950 191 343 0.556851 -570.056 -2.98459
375000 191 343 0.556851 -571.872 -2.99409
375050 191 343 0.556851 -570.919 -2.98911
375100 191 343 0.556851 -574.411 -3.00739
375150 191 343 0.556851 -567.801 -2.97278
375200 189 343 0.55102 -558.818 -2.95671
375250 190 343 0.553936 -567.112 -2.9848
375300 188 343 0.548105 -557.896 -2.96753
375350 188 343 0.548105 -544.072 -2.894
375400 188 343 0.548105 -545.08 -2.89936
375450 188 343 0.548105 -548.146 -2.91567
375500 187 343 0.54519 -543.474 -2.90628
375550 184 343 0.536443 -526.792 -2.863
375600 185 343 0.539359 -523.766 -2.83117
375650 183 343 0.533528 -519.943 -2.84122
375700 183 343 0.533528 -532.249 -2.90846
375750 180 343 0.524781 -512.505 -2.84725
375800 178 343 0.51895 -508.315 -2.8557
375850 179 343 0.521866 -516.055 -2.88299
375900 177 343 0.516035 -505.248 -2.85451
375950 176 343 0.51312 -508.949 -2.89176
376000 175 343 0.510204 -505.679 -2.88959
376050 175 343 0.510204 -507.592 -2.90053
376100 179 343 0.521866 -520.81 -2.90955
376150 179 343 0.521866 -529.016 -2.9554
376200 180 343 0.524781 -537.739 -2.98744
376250 180 343 0.524781 -535.402 -2.97446
376300 179 343 0.521866 -526.903 -2.94359
376350 178 343 0.51895 -522.542 -2.93563
376400 179 343 0.521866 -526.599 -2.9419
376450 179 343 0.521866 -524.217 -2.92859
376500 179 343 0.521866 -527.117 -2.94479
376550 178 343 0.51895 -525.394 -2.95165
376600 176 343 0.51312 -518.821 -2.94784
376650 177 343 0.516035 -525.577 -2.96936
376700 177 343 0.516035 -524.337 -2.96236
376750 178 343 0.51895 -529.065 -2.97228
376800 178 343 0.51895 -537.453 -3.0194
376850 178 343 0.51895 -535.734 -3.00974
376900 178 343 0.51895 -536.367 -3.0133
376950 181 343 0.527697 -544.671 -3.00923
377000 181 343 0.527697 -543.598 -3.0033
377050 183 343 0.533528 -550.554 -3.00849
377100 184 343 0.536443 -554.666 -3.01449
377150 184 343 0.536443 -551.181 -2.99555
377200 182 343 0.530612 -552.045 -3.03321
377250 182 343 0.530612 -554.376 -3.04602
377300 184 343 0.536443 -563.881 -3.06457
377350 185 343 0.539359 -572.473 -3.09445
377400 185 343 0.539359 -566.189 -3.06048
377450 186 343 0.542274 -566.576 -3.04611
377500 185 343 0.539359 -567.924 -3.06986
377550 185 343 0.539359 -566.71 -3.0633
377600 185 343 0.539359 -568.259 -3.07167
377650 185 343 0.539359 -570.815 -3.08549
377700 186 343 0.542274 -583.075 -3.13481
377750 187 343 0.54519 -585.194 -3.12938
377800 186 343 0.542274 -581.152 -3.12447
377850 186 343 0.542274 -582.133 -3.12975
377900 186 343 0.542274 -578.035 -3.10772
377950 187 343 0.54519 -581.914 -3.11184
378000 187 343 0.54519 -580.716 -3.10543
378050 187 343 0.54519 -576.591 -3.08337
378100 187 343 0.54519 -574.976 -3.07474
378150 185 343 0.539359 -568.07 -3.07065
378200 183 343 0.533528 -560.466 -3.06266
378250 184 343 0.536443 -558.564 -3.03567
378300 183 343 0.533528 -553.375 -3.02391
378350 185 343 0.539359 -566.949 -3.06459
378400 185 343 0.539359 -567.354 -3.06678
378450 185 343 0.539359 -572.591 -3.09509
378500 185 343 0.539359 -573.022 -3.09742
378550 184 343 0.536443 -567.958 -3.08673
378600 184 343 0.536443 -567.158 -3.08238
378650 184 343 0.536443 -568.761 -3.09109
378700 183 343 0.533528 -555.026 -3.03293
378750 183 343 0.533528 -555.232 -3.03405
378800 183 343 0.533528 -554.11 -3.02792
378850 183 343 0.533528 -546.623 -2.98701
378900 184 343 0.536443 -552.95 -3.00516
378950 184 343 0.536443 -557.739 -3.03119
379000 184 343 0.536443 -553.389 -3.00755
379050 183 343 0.533528 -543.33 -2.96902
379100 184 343 0.536443 -549.638 -2.98716
379150 184 343 0.536443 -547.942 -2.97795
379200 185 343 0.539359 -549.854 -2.97218
379250 183 343 0.533528 -535.297 -2.92512
379300 184 343 0.536443 -536.305 -2.9147
379350 184 343 0.536443 -530.846 -2.88503
379400 183 343 0.533528 -534.071 -2.91842
379450 184 343 0.536443 -541.177 -2.94118
379500 184 343 0.536443 -532.186 -2.89231
379550 184 343 0.536443 -535.876 -2.91237
379600 184 343 0.536443 -542.268 -2.94711
379650 184 343 0.536443 -543.867 -2.9558
379700 186 343 0.542274 -552.032 -2.96791
379750 186 343 0.542274 -561.349 -3.018
379800 185 343 0.539359 -556.881 -3.01017
379850 185 343 0.539359 -553.212 -2.99033
379900 186 343 0.542274 -556.48 -2.99183
379950 188 343 0.548105 -575.708 -3.06228
380000 187 343 0.54519 -569.48 -3.04535
380050 188 343 0.548105 -576.849 -3.06834
380100 187 343 0.54519 -573.392 -3.06627
380150 187 343 0.54519 -578.243 -3.09221
380200 186 343 0.542274 -576.223 -3.09797
380250 186 343 0.542274 -571.283 -3.07141
380300 187 343 0.54519 -568.747 -3.04143
380350 188 343 0.548105 -572.452 -3.04496
380400 188 343 0.548105 -574.637 -3.05658
380450 191 343 0.556851 -584.846 -3.06202
380500 191 343 0.556851 -585.697 -3.06648
380550 192 343 0.559767 -592.179 -3.08426
380600 192 343 0.559767 -597.554 -3.11226
380650 192 343 0.559767 -596.358 -3.10603
380700 191 343 0.556851 -581.891 -3.04655
380750 191 343 0.556851 -590.49 -3.09157
380800 193 343 0.562682 -608.236 -3.15148
380850 192 343 0.559767 -608.063 -3.16699
380900 191 343 0.556851 -600.512 -3.14404
380950 190 343 0.553936 -594.811 -3.13058
381000 190 343 0.553936 -597.881 -3.14674
381050 189 343 0.55102 -595.733 -3.15203
381100 189 343 0.55102 -602.281 -3.18667
381150 189 343 0.55102 -600.674 -3.17817
381200 191 343 0.556851 -605.381 -3.16953
381250 193 343 0.562682 -607.708 -3.14875
381300 193 343 0.562682 -611.016 -3.16589
381350 192 343 0.559767 -607.676 -3.16498
381400 190 343 0.553936 -601.333 -3.16491
381450 191 343 0.556851 -609.401 -3.19058
381500 191 343 0.556851 -611.009 -3.199
381550 190 343 0.553936 -597.982 -3.14727
381600 189 343 0.55102 -595.064 -3.14849
381650 188 343 0.548105 -589.465 -3.13545
381700 188 343 0.548105 -588.602 -3.13086
381750 187 343 0.54519 -586.605 -3.13693
381800 186 343 0.542274 -581.574 -3.12674
381850 185 343 0.539359 -575.454 -3.11056
381900 184 343 0.536443 -571.881 -3.10805
381950 185 343 0.539359 -572.993 -3.09726
382000 186 343 0.542274 -575.815 -3.09578
382050 187 343 0.54519 -578.865 -3.09554
382100 188 343 0.548105 -585.681 -3.11533
382150 187 343 0.54519 -582.063 -3.11263
382200 186 343 0.542274 -579.925 -3.11788
382250 186 343 0.542274 -581.691 -3.12737
382300 186 343 0.542274 -584.789 -3.14403
382350 187 343 0.54519 -594.874 -3.18114
382400 187 343 0.54519 -592.887 -3.17052
382450 187 343 0.54519 -596.485 -3.18976
382500 188 343 0.548105 -602.68 -3.20575
382550 188 343 0.548105 -599.519 -3.18893
382600 188 343 0.548105 -599.074 -3.18656
382650 189 343 0.55102 -598.634 -3.16738
382700 191 343 0.556851 -604.595 -3.16542
382750 191 343 0.556851 -603.449 -3.15942
382800 191 343 0.556851 -600.212 -3.14247
382850 191 343 0.556851 -600.532 -3.14414
382900 190 343 0.553936 -593.397 -3.12314
382950 189 343 0.55102 -580.611 -3.07202
383000 190 343 0.553936 -582.251 -3.06448
383050 191 343 0.556851 -588.635 -3.08186
383100 191 343 0.556851 -589.475 -3.08626
383150 189 343 0.55102 -582.38 -3.08138
383200 189 343 0.55102 -572.511 -3.02916
383250 189 343 0.55102 -572.048 -3.02671
383300 189 343 0.55102 -570.845 -3.02035
383350 188 343 0.548105 -567.312 -3.01762
383400 188 343 0.548105 -566.784 -3.01481
383450 188 343 0.548105 -575.902 -3.06331
383500 186 343 0.542274 -567.944 -3.05346
383550 184 343 0.536443 -547.239 -2.97413
383600 186 343 0.542274 -551.222 -2.96356
383650 185 343 0.539359 -546.546 -2.9543
383700 185 343 0.539359 -553.577 -2.99231
383750 185 343 0.539359 -554.911 -2.99952
383800 184 343 0.536443 -557.215 -3.02834
383850 182 343 0.530612 -546.757 -3.00416
383900 183 343 0.533528 -556.65 -3.0418
383950 185 343 0.539359 -565.985 -3.05938
384000 186 343 0.542274 -570.75 -3.06855
384050 188 343 0.548105 -586.399 -3.11914
384100 189 343 0.55102 -583.202 -3.08572
384150 191 343 0.556851 -593.035 -3.1049
384200 190 343 0.553936 -580.855 -3.05713
384250 192 343 0.559767 -580.637 -3.02415
384300 191 343 0.556851 -578.638 -3.02952
384350 191 343 0.556851 -575.493 -3.01305
384400 189 343 0.55102 -562.761 -2.97757
384450 188 343 0.548105 -561.688 -2.9877
384500 188 343 0.548105 -558.949 -2.97313
384550 188 343 0.548105 -561.961 -2.98915
384600 186 343 0.542274 -552.657 -2.97128
384650 184 343 0.536443 -539.923 -2.93436
384700 183 343 0.533528 -531.988 -2.90704
384750 182 343 0.530612 -522.493 -2.87084
384800 179 343 0.521866 -508.798 -2.84245
384850 181 343 0.527697 -519.457 -2.86993
384900 182 343 0.530612 -524.014 -2.8792
384950 182 343 0.530612 -525.783 -2.88892
385000 182 343 0.530612 -528.322 -2.90287
385050 181 343 0.527697 -533.149 -2.94558
385100 181 343 0.527697 -530.533 -2.93112
385150 181 343 0.527697 -531.834 -2.93831
385200 180 343 0.524781 -531.018 -2.9501
385250 179 343 0.521866 -533.525 -2.98058
385300 180 343 0.524781 -548.321 -3.04623
385350 180 343 0.524781 -545.887 -3.0327
385400 179 343 0.521866 -542.794 -3.03237
385450 178 343 0.51895 -533.23 -2.99567
385500 177 343 0.516035 -535.304 -3.02432
385550 177 343 0.516035 -538.004 -3.03957
385600 181 343 0.527697 -555.772 -3.07056
385650 182 343 0.530612 -555.158 -3.05032
385700 181 343 0.527697 -559.117 -3.08904
385750 181 343 0.527697 -555.065 -3.06665
385800 181 343 0.527697 -554.209 -3.06193
385850 181 343 0.527697 -553.365 -3.05726
385900 181 343 0.527697 -549.916 -3.03821
385950 181 343 0.527697 -551.721 -3.04818
386000 183 343 0.533528 -561.465 -3.06811
386050 180 343 0.524781 -548.793 -3.04885
386100 181 343 0.527697 -550.216 -3.03987
386150 183 343 0.533528 -559.231 -3.05591
386200 184 343 0.536443 -561.007 -3.04895
386250 185 343 0.539359 -562.507 -3.04058
386300 186 343 0.542274 -564.181 -3.03323
386350 184 343 0.536443 -562.773 -3.05855
386400 183 343 0.533528 -558.298 -3.05081
386450 183 343 0.533528 -550.953 -3.01067
386500 184 343 0.536443 -558.257 -3.03401
386550 185 343 0.539359 -558.943 -3.02131
386600 183 343 0.533528 -557.023 -3.04384
386650 184 343 0.536443 -563.74 -3.0638
386700 184 343 0.536443 -561.78 -3.05315
386750 186 343 0.542274 -572.417 -3.07751
386800 187 343 0.54519 -579.345 -3.0981
386850 186 343 0.542274 -572.091 -3.07576
386900 186 343 0.542274 -571.197 -3.07095
386950 186 343 0.542274 -568.538 -3.05666
387000 187 343 0.54519 -572.588 -3.06197
387050 187 343 0.54519 -573.793 -3.06841
387100 187 343 0.54519 -569.847 -3.04731
387150 187 343 0.54519 -568.666 -3.04099
387200 186 343 0.542274 -567.784 -3.0526
387250 187 343 0.54519 -576.595 -3.0834
387300 186 343 0.542274 -574.646 -3.0895
387350 185 343 0.539359 -567.883 -3.06964
387400 185 343 0.539359 -564.037 -3.04885
387450 185 343 0.539359 -562.446 -3.04025
387500 185 343 0.539359 -560.221 -3.02822
387550 186 343 0.542274 -563.271 -3.02834
387600 187 343 0.54519 -568.216 -3.03859
387650 187 343 0.54519 -568.812 -3.04178
387700 186 343 0.542274 -571.041 -3.07011
387750 186 343 0.542274 -573.432 -3.08297
387800 185 343 0.539359 -565.699 -3.05783
387850 185 343 0.539359 -569.254 -3.07705
387900 186 343 0.542274 -574.538 -3.08891
387950 186 343 0.542274 -573.77 -3.08478
388000 184 343 0.536443 -573.984 -3.11948
388050 185 343 0.539359 -577.72 -3.12281
388100 188 343 0.548105 -587.903 -3.12714
388150 188 343 0.548105 -590.415 -3.14051
388200 188 343 0.548105 -577.021 -3.06926
388250 187 343 0.54519 -576.311 -3.08187
388300 185 343 0.539359 -569.861 -3.08033
388350 184 343 0.536443 -565.723 -3.07458
388400 185 343 0.539359 -572.472 -3.09445
388450 186 343 0.542274 -576.613 -3.10007
388500 186 343 0.542274 -577.905 -3.10702
388550 186 343 0.542274 -572.491 -3.07791
388600 184 343 0.536443 -564.213 -3.06638
388650 185 343 0.539359 -561.754 -3.03651
388700 185 343 0.539359 -560.622 -3.03039
388750 185 343 0.539359 -554.407 -2.9968
388800 184 343 0.536443 -551.499 -2.99728
388850 183 343 0.533528 -544.028 -2.97283
388900 182 343 0.530612 -551.14 -3.02824
388950 184 343 0.536443 -555.641 -3.01979
389000 184 343 0.536443 -559.683 -3.04175
389050 185 343 0.539359 -569.091 -3.07617
389100 185 343 0.539359 -566.148 -3.06026
389150 186 343 0.542274 -569.946 -3.06423
389200 184 343 0.536443 -567.797 -3.08585
389250 184 343 0.536443 -557.033 -3.02735
389300 184 343 0.536443 -559.258 -3.03945
389350 182 343 0.530612 -551.683 -3.03123
389400 183 343 0.533528 -555.756 -3.03692
389450 183 343 0.533528 -553.926 -3.02692
389500 183 343 0.533528 -545.399 -2.98032
389550 181 343 0.527697 -540.753 -2.98759
389600 181 343 0.527697 -542.411 -2.99675
389650 183 343 0.533528 -548.172 -2.99548
389700 183 343 0.533528 -553.715 -3.02576
389750 184 343 0.536443 -553.797 -3.00977
389800 184 343 0.536443 -557.223 -3.02839
389850 183 343 0.533528 -550.676 -3.00916
389900 185 343 0.539359 -558.277 -3.01771
389950 181 343 0.527697 -539.088 -2.97839
390000 182 343 0.530612 -546.058 -3.00032
390050 182 343 0.530612 -550.215 -3.02316
390100 182 343 0.530612 -537.143 -2.95134
390150 182 343 0.530612 -540.882 -2.97188
390200 184 343 0.536443 -552.913 -3.00496
390250 182 343 0.530612 -545.719 -2.99845
390300 179 343 0.521866 -527.479 -2.94681
390350 179 343 0.521866 -522.157 -2.91708
390400 180 343 0.524781 -534.437 -2.9691
390450 180 343 0.524781 -527.585 -2.93103
390500 180 343 0.524781 -529.685 -2.94269
390550 180 343 0.524781 -531.78 -2.95433
390600 180 343 0.524781 -537.339 -2.98522
390650 178 343 0.51895 -524.461 -2.94641
390700 179 343 0.521866 -522.387 -2.91836
390750 178 343 0.51895 -510.58 -2.86843
390800 178 343 0.51895 -502.674 -2.82401
390850 177 343 0.516035 -497.348 -2.80988
390900 177 343 0.516035 -501.833 -2.83522
390950 177 343 0.516035 -495.99 -2.80221
391000 178 343 0.51895 -493.658 -2.77336
391050 176 343 0.51312 -489.016 -2.7785
391100 176 343 0.51312 -487.688 -2.77095
391150 176 343 0.51312 -485.763 -2.76002
391200 175 343 0.510204 -471.934 -2.69677
391250 173 343 0.504373 -469.496 -2.71385
391300 173 343 0.504373 -479.368 -2.77091
391350 172 343 0.501458 -476.573 -2.77078
391400 172 343 0.501458 -480.33 -2.79261
391450 172 343 0.501458 -480.948 -2.79621
391500 172 343 0.501458 -482.617 -2.80591
391550 174 343 0.507289 -496.698 -2.85459
391600 171 343 0.498542 -485.346 -2.83828
391650 171 343 0.498542 -482.8 -2.82339
391700 174 343 0.507289 -498.932 -2.86742
391750 173 343 0.504373 -495.136 -2.86206
391800 173 343 0.504373 -493.059 -2.85005
391850 174 343 0.507289 -494.423 -2.84151
391900 175 343 0.510204 -499.927 -2.85672
391950 175 343 0.510204 -500.366 -2.85923
392000 174 343 0.507289 -497.986 -2.86199
392050 175 343 0.510204 -502.911 -2.87378
392100 175 343 0.510204 -503.968 -2.87982
392150 172 343 0.501458 -495.112 -2.87856
392200 172 343 0.501458 -498.727 -2.89958
392250 174 343 0.507289 -512.331 -2.94443
392300 176 343 0.51312 -520.656 -2.95827
392350 176 343 0.51312 -524.066 -2.97765
392400 175 343 0.510204 -521.59 -2.98051
392450 174 343 0.507289 -513.032 -2.94846
392500 173 343 0.504373 -505.764 -2.92349
392550 172 343 0.501458 -499.342 -2.90315
392600 171 343 0.498542 -500.638 -2.92771
392650 171 343 0.498542 -491.265 -2.8729
392700 170 343 0.495627 -482.755 -2.83973
392750 172 343 0.501458 -497.733 -2.8938
392800 172 343 0.501458 -497.011 -2.8896
392850 174 343 0.507289 -502.943 -2.89048
392900 176 343 0.51312 -513.662 -2.91853
392950 175 343 0.510204 -517.384 -2.95648
393000 173 343 0.504373 -519.082 -3.00048
393050 173 343 0.504373 -518.2 -2.99537
393100 173 343 0.504373 -512.293 -2.96123
393150 175 343 0.510204 -509.431 -2.91104
393200 177 343 0.516035 -523.022 -2.95493
393250 176 343 0.51312 -524.327 -2.97913
393300 176 343 0.51312 -527.956 -2.99975
393350 178 343 0.51895 -532.642 -2.99237
393400 176 343 0.51312 -523.036 -2.9718
393450 179 343 0.521866 -550.327 -3.07445
393500 179 343 0.521866 -544.357 -3.0411
393550 179 343 0.521866 -544.796 -3.04355
393600 179 343 0.521866 -549.4 -3.06927
393650 180 343 0.524781 -546.217 -3.03454
393700 179 343 0.521866 -537.522 -3.00292
393750 177 343 0.516035 -526.151 -2.9726
393800 177 343 0.516035 -520.84 -2.9426
393850 178 343 0.51895 -526.386 -2.95723
393900 179 343 0.521866 -535.587 -2.9921
393950 178 343 0.51895 -529.868 -2.97679
394000 183 343 0.533528 -558.746 -3.05326
394050 185 343 0.539359 -567.862 -3.06953
394100 185 343 0.539359 -570.334 -3.08289
394150 184 343 0.536443 -567.594 -3.08475
394200 184 343 0.536443 -572.889 -3.11353
394250 184 343 0.536443 -570.576 -3.10096
394300 183 343 0.533528 -559.957 -3.05987
394350 183 343 0.533528 -560.529 -3.063
394400 185 343 0.539359 -563.838 -3.04777
394450 185 343 0.539359 -565.015 -3.05413
394500 185 343 0.539359 -568.075 -3.07067
394550 185 343 0.539359 -564.121 -3.0493
394600 184 343 0.536443 -555.417 -3.01857
394650 183 343 0.533528 -551.845 -3.01555
394700 183 343 0.533528 -554.125 -3.028
394750 183 343 0.533528 -560.858 -3.0648
394800 183 343 0.533528 -552.266 -3.01785
394850 184 343 0.536443 -561.079 -3.04934
394900 183 343 0.533528 -555.663 -3.03641
394950 183 343 0.533528 -547.754 -2.99319
395000 181 343 0.527697 -548.084 -3.02809
395050 183 343 0.533528 -555.411 -3.03503
395100 185 343 0.539359 -556.855 -3.01003
395150 186 343 0.542274 -556.512 -2.992
395200 185 343 0.539359 -554.273 -2.99607
395250 185 343 0.539359 -557.139 -3.01156
395300 185 343 0.539359 -557.418 -3.01307
395350 186 343 0.542274 -565.805 -3.04196
395400 185 343 0.539359 -558.34 -3.01806
395450 185 343 0.539359 -561.355 -3.03435
395500 185 343 0.539359 -562.302 -3.03947
395550 188 343 0.548105 -575.288 -3.06004
395600 187 343 0.54519 -580.646 -3.10506
395650 188 343 0.548105 -581.336 -3.09221
395700 188 343 0.548105 -573.765 -3.05194
395750 190 343 0.553936 -586.345 -3.08603
395800 190 343 0.553936 -585.414 -3.08113
395850 190 343 0.553936 -587.55 -3.09237
395900 189 343 0.55102 -579.609 -3.06671
395950 189 343 0.55102 -580.869 -3.07338
396000 188 343 0.548105 -583.024 -3.10119
396050 187 343 0.54519 -578.643 -3.09435
396100 187 343 0.54519 -584.61 -3.12626
396150 185 343 0.539359 -579.464 -3.13224
396200 185 343 0.539359 -578.963 -3.12953
396250 185 343 0.539359 -576.236 -3.11479
396300 186 343 0.542274 -579.147 -3.1137
396350 186 343 0.542274 -574.366 -3.08799
396400 186 343 0.542274 -581.515 -3.12642
396450 186 343 0.542274 -577.104 -3.10271
396500 186 343 0.542274 -573.168 -3.08155
396550 184 343 0.536443 -560.182 -3.04447
396600 185 343 0.539359 -564.223 -3.04986
396650 184 343 0.536443 -556.082 -3.02218
396700 185 343 0.539359 -558.795 -3.02051
396750 186 343 0.542274 -565.702 -3.04141
396800 187 343 0.54519 -563.071 -3.01107
396850 187 343 0.54519 -557.91 -2.98348
396900 186 343 0.542274 -561.602 -3.01937
396950 185 343 0.539359 -568.747 -3.07431
397000 183 343 0.533528 -564.699 -3.08579
397050 184 343 0.536443 -571.234 -3.10453
397100 184 343 0.536443 -575.608 -3.1283
397150 184 343 0.536443 -571.97 -3.10853
397200 184 343 0.536443 -573.676 -3.1178
397250 183 343 0.533528 -568.669 -3.10748
397300 185 343 0.539359 -570.573 -3.08418
397350 186 343 0.542274 -573.513 -3.0834
397400 185 343 0.539359 -568.183 -3.07126
397450 186 343 0.542274 -569.419 -3.06139
397500 184 343 0.536443 -559.732 -3.04202
397550 184 343 0.536443 -564.78 -3.06946
397600 183 343 0.533528 -564.395 -3.08413
397650 183 343 0.533528 -565.323 -3.08919
397700 183 343 0.533528 -561.464 -3.06811
397750 183 343 0.533528 -558.331 -3.05099
397800 186 343 0.542274 -568.079 -3.05419
397850 187 343 0.54519 -574.963 -3.07467
397900 188 343 0.548105 -576.327 -3.06557
397950 188 343 0.548105 -573.911 -3.05272
398000 190 343 0.553936 -584.156 -3.07451
398050 190 343 0.553936 -584.456 -3.07608
398100 192 343 0.559767 -596.673 -3.10767
398150 189 343 0.55102 -584.038 -3.09015
398200 191 343 0.556851 -598.15 -3.13167
398250 191 343 0.556851 -595.671 -3.1187
398300 190 343 0.553936 -592.91 -3.12058
398350 188 343 0.548105 -578.1 -3.075
398400 186 343 0.542274 -571.304 -3.07152
398450 186 343 0.542274 -576.521 -3.09958
398500 189 343 0.55102 -581.294 -3.07563
398550 188 343 0.548105 -574.237 -3.05445
398600 187 343 0.54519 -565.996 -3.02672
398650 187 343 0.54519 -563.725 -3.01457
398700 186 343 0.542274 -565.749 -3.04166
398750 186 343 0.542274 -566.025 -3.04314
398800 184 343 0.536443 -559.465 -3.04057
398850 182 343 0.530612 -550.438 -3.02439
398900 183 343 0.533528 -553.076 -3.02227
398950 182 343 0.530612 -551.048 -3.02774
399000 186 343 0.542274 -561.311 -3.0178
399050 186 343 0.542274 -565.066 -3.03799
399100 188 343 0.548105 -578.064 -3.07481
399150 188 343 0.548105 -574.131 -3.05389
399200 188 343 0.548105 -577.408 -3.07132
399250 189 343 0.55102 -579.261 -3.06487
399300 189 343 0.55102 -577.368 -3.05486
399350 189 343 0.55102 -585.243 -3.09652
399400 189 343 0.55102 -586.942 -3.10551
399450 188 343 0.548105 -580.132 -3.08581
399500 187 343 0.54519 -581.599 -3.11015
399550 187 343 0.54519 -584.958 -3.12812
399600 188 343 0.548105 -589.918 -3.13786
399650 188 343 0.548105 -591.412 -3.14581
399700 188 343 0.548105 -595.646 -3.16833
399750 188 343 0.548105 -596.418 -3.17244
399800 187 343 0.54519 -586.421 -3.13594
399850 187 343 0.54519 -585.049 -3.1286
399900 187 343 0.54519 -581.966 -3.11212
399950 188 343 0.548105 -576.471 -3.06633
